order_line_id,order_id,product_id,quantity,unit_price,line_amount
10011,1001,1021,3,45.00,135.00
10021,1002,1034,1,71.00,71.00
10031,1003,1047,2,112.00,224.00
10041,1004,1060,3,153.00,459.00
10051,1005,1013,1,59.00,59.00
10061,1006,1026,2,100.00,200.00
10071,1007,1039,3,141.00,423.00
10081,1008,1052,1,47.00,47.00
10091,1009,1005,2,88.00,176.00
10101,1010,1018,3,129.00,387.00
10111,1011,1031,1,35.00,35.00
10121,1012,1044,2,76.00,152.00
10131,1013,1057,3,117.00,351.00
10141,1014,1010,1,143.00,143.00
10151,1015,1023,2,64.00,128.00
10161,1016,1036,3,105.00,315.00
10171,1017,1049,1,131.00,131.00
10181,1018,1002,2,52.00,104.00
10191,1019,1015,3,93.00,279.00
10201,1020,1028,1,119.00,119.00
10211,1021,1041,2,40.00,80.00
10221,1022,1054,3,81.00,243.00
10231,1023,1007,1,107.00,107.00
10241,1024,1020,2,148.00,296.00
10251,1025,1033,3,69.00,207.00
10261,1026,1046,1,95.00,95.00
10271,1027,1059,2,136.00,272.00
10281,1028,1012,3,57.00,171.00
10291,1029,1025,1,83.00,83.00
10301,1030,1038,2,124.00,248.00
10311,1031,1051,3,45.00,135.00
10321,1032,1004,1,71.00,71.00
10331,1033,1017,2,112.00,224.00
10341,1034,1030,3,153.00,459.00
10351,1035,1043,1,59.00,59.00
10361,1036,1056,2,100.00,200.00
10371,1037,1009,3,141.00,423.00
10381,1038,1022,1,47.00,47.00
10391,1039,1035,2,88.00,176.00
10401,1040,1048,3,129.00,387.00
10411,1041,1001,1,35.00,35.00
10421,1042,1014,2,76.00,152.00
10431,1043,1027,3,117.00,351.00
10441,1044,1040,1,143.00,143.00
10451,1045,1053,2,64.00,128.00
10461,1046,1006,3,105.00,315.00
10471,1047,1019,1,131.00,131.00
10481,1048,1032,2,52.00,104.00
10491,1049,1045,3,93.00,279.00
10501,1050,1058,1,119.00,119.00
10511,1051,1011,2,40.00,80.00
10521,1052,1024,3,81.00,243.00
10531,1053,1037,1,107.00,107.00
10541,1054,1050,2,148.00,296.00
10551,1055,1003,3,69.00,207.00
10561,1056,1016,1,95.00,95.00
10571,1057,1029,2,136.00,272.00
10581,1058,1042,3,57.00,171.00
10591,1059,1055,1,83.00,83.00
10601,1060,1008,2,124.00,248.00
10611,1061,1021,3,45.00,135.00
10621,1062,1034,1,71.00,71.00
10631,1063,1047,2,112.00,224.00
10641,1064,1060,3,153.00,459.00
10651,1065,1013,1,59.00,59.00
10661,1066,1026,2,100.00,200.00
10671,1067,1039,3,141.00,423.00
10681,1068,1052,1,47.00,47.00
10691,1069,1005,2,88.00,176.00
10701,1070,1018,3,129.00,387.00
10711,1071,1031,1,35.00,35.00
10721,1072,1044,2,76.00,152.00
10731,1073,1057,3,117.00,351.00
10741,1074,1010,1,143.00,143.00
10751,1075,1023,2,64.00,128.00
10761,1076,1036,3,105.00,315.00
10771,1077,1049,1,131.00,131.00
10781,1078,1002,2,52.00,104.00
10791,1079,1015,3,93.00,279.00
10801,1080,1028,1,119.00,119.00
10811,1081,1041,2,40.00,80.00
10821,1082,1054,3,81.00,243.00
10831,1083,1007,1,107.00,107.00
10841,1084,1020,2,148.00,296.00
10851,1085,1033,3,69.00,207.00
10861,1086,1046,1,95.00,95.00
10871,1087,1059,2,136.00,272.00
10881,1088,1012,3,57.00,171.00
10891,1089,1025,1,83.00,83.00
10901,1090,1038,2,124.00,248.00
10911,1091,1051,3,45.00,135.00
10921,1092,1004,1,71.00,71.00
10931,1093,1017,2,112.00,224.00
10941,1094,1030,3,153.00,459.00
10951,1095,1043,1,59.00,59.00
10961,1096,1056,2,100.00,200.00
10971,1097,1009,3,141.00,423.00
10981,1098,1022,1,47.00,47.00
10991,1099,1035,2,88.00,176.00
11001,1100,1048,3,129.00,387.00
11011,1101,1001,1,35.00,35.00
11021,1102,1014,2,76.00,152.00
11031,1103,1027,3,117.00,351.00
11041,1104,1040,1,143.00,143.00
11051,1105,1053,2,64.00,128.00
11061,1106,1006,3,105.00,315.00
11071,1107,1019,1,131.00,131.00
11081,1108,1032,2,52.00,104.00
11091,1109,1045,3,93.00,279.00
11101,1110,1058,1,119.00,119.00
11111,1111,1011,2,40.00,80.00
11121,1112,1024,3,81.00,243.00
11131,1113,1037,1,107.00,107.00
11141,1114,1050,2,148.00,296.00
11151,1115,1003,3,69.00,207.00
11161,1116,1016,1,95.00,95.00
11171,1117,1029,2,136.00,272.00
11181,1118,1042,3,57.00,171.00
11191,1119,1055,1,83.00,83.00
11201,1120,1008,2,124.00,248.00
11211,1121,1021,3,45.00,135.00
11221,1122,1034,1,71.00,71.00
11231,1123,1047,2,112.00,224.00
11241,1124,1060,3,153.00,459.00
11251,1125,1013,1,59.00,59.00
11261,1126,1026,2,100.00,200.00
11271,1127,1039,3,141.00,423.00
11281,1128,1052,1,47.00,47.00
11291,1129,1005,2,88.00,176.00
11301,1130,1018,3,129.00,387.00
11311,1131,1031,1,35.00,35.00
11321,1132,1044,2,76.00,152.00
11331,1133,1057,3,117.00,351.00
11341,1134,1010,1,143.00,143.00
11351,1135,1023,2,64.00,128.00
11361,1136,1036,3,105.00,315.00
11371,1137,1049,1,131.00,131.00
11381,1138,1002,2,52.00,104.00
11391,1139,1015,3,93.00,279.00
11401,1140,1028,1,119.00,119.00
11411,1141,1041,2,40.00,80.00
11421,1142,1054,3,81.00,243.00
11431,1143,1007,1,107.00,107.00
11441,1144,1020,2,148.00,296.00
11451,1145,1033,3,69.00,207.00
11461,1146,1046,1,95.00,95.00
11471,1147,1059,2,136.00,272.00
11481,1148,1012,3,57.00,171.00
11491,1149,1025,1,83.00,83.00
11501,1150,1038,2,124.00,248.00
11511,1151,1051,3,45.00,135.00
11521,1152,1004,1,71.00,71.00
11531,1153,1017,2,112.00,224.00
11541,1154,1030,3,153.00,459.00
11551,1155,1043,1,59.00,59.00
11561,1156,1056,2,100.00,200.00
11571,1157,1009,3,141.00,423.00
11581,1158,1022,1,47.00,47.00
11591,1159,1035,2,88.00,176.00
11601,1160,1048,3,129.00,387.00
11611,1161,1001,1,35.00,35.00
11621,1162,1014,2,76.00,152.00
11631,1163,1027,3,117.00,351.00
11641,1164,1040,1,143.00,143.00
11651,1165,1053,2,64.00,128.00
11661,1166,1006,3,105.00,315.00
11671,1167,1019,1,131.00,131.00
11681,1168,1032,2,52.00,104.00
11691,1169,1045,3,93.00,279.00
11701,1170,1058,1,119.00,119.00
11711,1171,1011,2,40.00,80.00
11721,1172,1024,3,81.00,243.00
11731,1173,1037,1,107.00,107.00
11741,1174,1050,2,148.00,296.00
11751,1175,1003,3,69.00,207.00
11761,1176,1016,1,95.00,95.00
11771,1177,1029,2,136.00,272.00
11781,1178,1042,3,57.00,171.00
11791,1179,1055,1,83.00,83.00
11801,1180,1008,2,124.00,248.00
11811,1181,1021,3,45.00,135.00
11821,1182,1034,1,71.00,71.00
11831,1183,1047,2,112.00,224.00
11841,1184,1060,3,153.00,459.00
11851,1185,1013,1,59.00,59.00
11861,1186,1026,2,100.00,200.00
11871,1187,1039,3,141.00,423.00
11881,1188,1052,1,47.00,47.00
11891,1189,1005,2,88.00,176.00
11901,1190,1018,3,129.00,387.00
11911,1191,1031,1,35.00,35.00
11921,1192,1044,2,76.00,152.00
11931,1193,1057,3,117.00,351.00
11941,1194,1010,1,143.00,143.00
11951,1195,1023,2,64.00,128.00
11961,1196,1036,3,105.00,315.00
11971,1197,1049,1,131.00,131.00
11981,1198,1002,2,52.00,104.00
11991,1199,1015,3,93.00,279.00
12001,1200,1028,1,119.00,119.00
12011,1201,1041,2,40.00,80.00
12021,1202,1054,3,81.00,243.00
12031,1203,1007,1,107.00,107.00
12041,1204,1020,2,148.00,296.00
12051,1205,1033,3,69.00,207.00
12061,1206,1046,1,95.00,95.00
12071,1207,1059,2,136.00,272.00
12081,1208,1012,3,57.00,171.00
12091,1209,1025,1,83.00,83.00
12101,1210,1038,2,124.00,248.00
12111,1211,1051,3,45.00,135.00
12121,1212,1004,1,71.00,71.00
12131,1213,1017,2,112.00,224.00
12141,1214,1030,3,153.00,459.00
12151,1215,1043,1,59.00,59.00
12161,1216,1056,2,100.00,200.00
12171,1217,1009,3,141.00,423.00
12181,1218,1022,1,47.00,47.00
12191,1219,1035,2,88.00,176.00
12201,1220,1048,3,129.00,387.00
12211,1221,1001,1,35.00,35.00
12221,1222,1014,2,76.00,152.00
12231,1223,1027,3,117.00,351.00
12241,1224,1040,1,143.00,143.00
12251,1225,1053,2,64.00,128.00
12261,1226,1006,3,105.00,315.00
12271,1227,1019,1,131.00,131.00
12281,1228,1032,2,52.00,104.00
12291,1229,1045,3,93.00,279.00
12301,1230,1058,1,119.00,119.00
12311,1231,1011,2,40.00,80.00
12321,1232,1024,3,81.00,243.00
12331,1233,1037,1,107.00,107.00
12341,1234,1050,2,148.00,296.00
12351,1235,1003,3,69.00,207.00
12361,1236,1016,1,95.00,95.00
12371,1237,1029,2,136.00,272.00
12381,1238,1042,3,57.00,171.00
12391,1239,1055,1,83.00,83.00
12401,1240,1008,2,124.00,248.00
12411,1241,1021,3,45.00,135.00
12421,1242,1034,1,71.00,71.00
12431,1243,1047,2,112.00,224.00
12441,1244,1060,3,153.00,459.00
12451,1245,1013,1,59.00,59.00
12461,1246,1026,2,100.00,200.00
12471,1247,1039,3,141.00,423.00
12481,1248,1052,1,47.00,47.00
12491,1249,1005,2,88.00,176.00
12501,1250,1018,3,129.00,387.00
12511,1251,1031,1,35.00,35.00
12521,1252,1044,2,76.00,152.00
12531,1253,1057,3,117.00,351.00
12541,1254,1010,1,143.00,143.00
12551,1255,1023,2,64.00,128.00
12561,1256,1036,3,105.00,315.00
12571,1257,1049,1,131.00,131.00
12581,1258,1002,2,52.00,104.00
12591,1259,1015,3,93.00,279.00
12601,1260,1028,1,119.00,119.00
12611,1261,1041,2,40.00,80.00
12621,1262,1054,3,81.00,243.00
12631,1263,1007,1,107.00,107.00
12641,1264,1020,2,148.00,296.00
12651,1265,1033,3,69.00,207.00
12661,1266,1046,1,95.00,95.00
12671,1267,1059,2,136.00,272.00
12681,1268,1012,3,57.00,171.00
12691,1269,1025,1,83.00,83.00
12701,1270,1038,2,124.00,248.00
12711,1271,1051,3,45.00,135.00
12721,1272,1004,1,71.00,71.00
12731,1273,1017,2,112.00,224.00
12741,1274,1030,3,153.00,459.00
12751,1275,1043,1,59.00,59.00
12761,1276,1056,2,100.00,200.00
12771,1277,1009,3,141.00,423.00
12781,1278,1022,1,47.00,47.00
12791,1279,1035,2,88.00,176.00
12801,1280,1048,3,129.00,387.00
12811,1281,1001,1,35.00,35.00
12821,1282,1014,2,76.00,152.00
12831,1283,1027,3,117.00,351.00
12841,1284,1040,1,143.00,143.00
12851,1285,1053,2,64.00,128.00
12861,1286,1006,3,105.00,315.00
12871,1287,1019,1,131.00,131.00
12881,1288,1032,2,52.00,104.00
12891,1289,1045,3,93.00,279.00
12901,1290,1058,1,119.00,119.00
12911,1291,1011,2,40.00,80.00
12921,1292,1024,3,81.00,243.00
12931,1293,1037,1,107.00,107.00
12941,1294,1050,2,148.00,296.00
12951,1295,1003,3,69.00,207.00
12961,1296,1016,1,95.00,95.00
12971,1297,1029,2,136.00,272.00
12981,1298,1042,3,57.00,171.00
12991,1299,1055,1,83.00,83.00
13001,1300,1008,2,124.00,248.00
13011,1301,1021,3,45.00,135.00
13021,1302,1034,1,71.00,71.00
13031,1303,1047,2,112.00,224.00
13041,1304,1060,3,153.00,459.00
13051,1305,1013,1,59.00,59.00
13061,1306,1026,2,100.00,200.00
13071,1307,1039,3,141.00,423.00
13081,1308,1052,1,47.00,47.00
13091,1309,1005,2,88.00,176.00
13101,1310,1018,3,129.00,387.00
13111,1311,1031,1,35.00,35.00
13121,1312,1044,2,76.00,152.00
13131,1313,1057,3,117.00,351.00
13141,1314,1010,1,143.00,143.00
13151,1315,1023,2,64.00,128.00
13161,1316,1036,3,105.00,315.00
13171,1317,1049,1,131.00,131.00
13181,1318,1002,2,52.00,104.00
13191,1319,1015,3,93.00,279.00
13201,1320,1028,1,119.00,119.00
13211,1321,1041,2,40.00,80.00
13221,1322,1054,3,81.00,243.00
13231,1323,1007,1,107.00,107.00
13241,1324,1020,2,148.00,296.00
13251,1325,1033,3,69.00,207.00
13261,1326,1046,1,95.00,95.00
13271,1327,1059,2,136.00,272.00
13281,1328,1012,3,57.00,171.00
13291,1329,1025,1,83.00,83.00
13301,1330,1038,2,124.00,248.00
13311,1331,1051,3,45.00,135.00
13321,1332,1004,1,71.00,71.00
13331,1333,1017,2,112.00,224.00
13341,1334,1030,3,153.00,459.00
13351,1335,1043,1,59.00,59.00
13361,1336,1056,2,100.00,200.00
13371,1337,1009,3,141.00,423.00
13381,1338,1022,1,47.00,47.00
13391,1339,1035,2,88.00,176.00
13401,1340,1048,3,129.00,387.00
13411,1341,1001,1,35.00,35.00
13421,1342,1014,2,76.00,152.00
13431,1343,1027,3,117.00,351.00
13441,1344,1040,1,143.00,143.00
13451,1345,1053,2,64.00,128.00
13461,1346,1006,3,105.00,315.00
13471,1347,1019,1,131.00,131.00
13481,1348,1032,2,52.00,104.00
13491,1349,1045,3,93.00,279.00
13501,1350,1058,1,119.00,119.00
13511,1351,1011,2,40.00,80.00
13521,1352,1024,3,81.00,243.00
13531,1353,1037,1,107.00,107.00
13541,1354,1050,2,148.00,296.00
13551,1355,1003,3,69.00,207.00
13561,1356,1016,1,95.00,95.00
13571,1357,1029,2,136.00,272.00
13581,1358,1042,3,57.00,171.00
13591,1359,1055,1,83.00,83.00
13601,1360,1008,2,124.00,248.00
13611,1361,1021,3,45.00,135.00
13621,1362,1034,1,71.00,71.00
13631,1363,1047,2,112.00,224.00
13641,1364,1060,3,153.00,459.00
13651,1365,1013,1,59.00,59.00
13661,1366,1026,2,100.00,200.00
13671,1367,1039,3,141.00,423.00
13681,1368,1052,1,47.00,47.00
13691,1369,1005,2,88.00,176.00
13701,1370,1018,3,129.00,387.00
13711,1371,1031,1,35.00,35.00
13721,1372,1044,2,76.00,152.00
13731,1373,1057,3,117.00,351.00
13741,1374,1010,1,143.00,143.00
13751,1375,1023,2,64.00,128.00
13761,1376,1036,3,105.00,315.00
13771,1377,1049,1,131.00,131.00
13781,1378,1002,2,52.00,104.00
13791,1379,1015,3,93.00,279.00
13801,1380,1028,1,119.00,119.00
13811,1381,1041,2,40.00,80.00
13821,1382,1054,3,81.00,243.00
13831,1383,1007,1,107.00,107.00
13841,1384,1020,2,148.00,296.00
13851,1385,1033,3,69.00,207.00
13861,1386,1046,1,95.00,95.00
13871,1387,1059,2,136.00,272.00
13881,1388,1012,3,57.00,171.00
13891,1389,1025,1,83.00,83.00
13901,1390,1038,2,124.00,248.00
13911,1391,1051,3,45.00,135.00
13921,1392,1004,1,71.00,71.00
13931,1393,1017,2,112.00,224.00
13941,1394,1030,3,153.00,459.00
13951,1395,1043,1,59.00,59.00
13961,1396,1056,2,100.00,200.00
13971,1397,1009,3,141.00,423.00
13981,1398,1022,1,47.00,47.00
13991,1399,1035,2,88.00,176.00
14001,1400,1048,3,129.00,387.00
14011,1401,1001,1,35.00,35.00
14021,1402,1014,2,76.00,152.00
14031,1403,1027,3,117.00,351.00
14041,1404,1040,1,143.00,143.00
14051,1405,1053,2,64.00,128.00
14061,1406,1006,3,105.00,315.00
14071,1407,1019,1,131.00,131.00
14081,1408,1032,2,52.00,104.00
14091,1409,1045,3,93.00,279.00
14101,1410,1058,1,119.00,119.00
14111,1411,1011,2,40.00,80.00
14121,1412,1024,3,81.00,243.00
14131,1413,1037,1,107.00,107.00
14141,1414,1050,2,148.00,296.00
14151,1415,1003,3,69.00,207.00
14161,1416,1016,1,95.00,95.00
14171,1417,1029,2,136.00,272.00
14181,1418,1042,3,57.00,171.00
14191,1419,1055,1,83.00,83.00
14201,1420,1008,2,124.00,248.00
14211,1421,1021,3,45.00,135.00
14221,1422,1034,1,71.00,71.00
14231,1423,1047,2,112.00,224.00
14241,1424,1060,3,153.00,459.00
14251,1425,1013,1,59.00,59.00
14261,1426,1026,2,100.00,200.00
14271,1427,1039,3,141.00,423.00
14281,1428,1052,1,47.00,47.00
14291,1429,1005,2,88.00,176.00
14301,1430,1018,3,129.00,387.00
14311,1431,1031,1,35.00,35.00
14321,1432,1044,2,76.00,152.00
14331,1433,1057,3,117.00,351.00
14341,1434,1010,1,143.00,143.00
14351,1435,1023,2,64.00,128.00
14361,1436,1036,3,105.00,315.00
14371,1437,1049,1,131.00,131.00
14381,1438,1002,2,52.00,104.00
14391,1439,1015,3,93.00,279.00
14401,1440,1028,1,119.00,119.00
14411,1441,1041,2,40.00,80.00
14421,1442,1054,3,81.00,243.00
14431,1443,1007,1,107.00,107.00
14441,1444,1020,2,148.00,296.00
14451,1445,1033,3,69.00,207.00
14461,1446,1046,1,95.00,95.00
14471,1447,1059,2,136.00,272.00
14481,1448,1012,3,57.00,171.00
14491,1449,1025,1,83.00,83.00
14501,1450,1038,2,124.00,248.00
14511,1451,1051,3,45.00,135.00
14521,1452,1004,1,71.00,71.00
14531,1453,1017,2,112.00,224.00
14541,1454,1030,3,153.00,459.00
14551,1455,1043,1,59.00,59.00
14561,1456,1056,2,100.00,200.00
14571,1457,1009,3,141.00,423.00
14581,1458,1022,1,47.00,47.00
14591,1459,1035,2,88.00,176.00
14601,1460,1048,3,129.00,387.00
14611,1461,1001,1,35.00,35.00
14621,1462,1014,2,76.00,152.00
14631,1463,1027,3,117.00,351.00
14641,1464,1040,1,143.00,143.00
14651,1465,1053,2,64.00,128.00
14661,1466,1006,3,105.00,315.00
14671,1467,1019,1,131.00,131.00
14681,1468,1032,2,52.00,104.00
14691,1469,1045,3,93.00,279.00
14701,1470,1058,1,119.00,119.00
14711,1471,1011,2,40.00,80.00
14721,1472,1024,3,81.00,243.00
14731,1473,1037,1,107.00,107.00
14741,1474,1050,2,148.00,296.00
14751,1475,1003,3,69.00,207.00
14761,1476,1016,1,95.00,95.00
14771,1477,1029,2,136.00,272.00
14781,1478,1042,3,57.00,171.00
14791,1479,1055,1,83.00,83.00
14801,1480,1008,2,124.00,248.00
14811,1481,1021,3,45.00,135.00
14821,1482,1034,1,71.00,71.00
14831,1483,1047,2,112.00,224.00
14841,1484,1060,3,153.00,459.00
14851,1485,1013,1,59.00,59.00
14861,1486,1026,2,100.00,200.00
14871,1487,1039,3,141.00,423.00
14881,1488,1052,1,47.00,47.00
14891,1489,1005,2,88.00,176.00
14901,1490,1018,3,129.00,387.00
14911,1491,1031,1,35.00,35.00
14921,1492,1044,2,76.00,152.00
14931,1493,1057,3,117.00,351.00
14941,1494,1010,1,143.00,143.00
14951,1495,1023,2,64.00,128.00
14961,1496,1036,3,105.00,315.00
14971,1497,1049,1,131.00,131.00
14981,1498,1002,2,52.00,104.00
14991,1499,1015,3,93.00,279.00
15001,1500,1028,1,119.00,119.00
15011,1501,1041,2,40.00,80.00
15021,1502,1054,3,81.00,243.00
15031,1503,1007,1,107.00,107.00
15041,1504,1020,2,148.00,296.00
15051,1505,1033,3,69.00,207.00
15061,1506,1046,1,95.00,95.00
15071,1507,1059,2,136.00,272.00
15081,1508,1012,3,57.00,171.00
15091,1509,1025,1,83.00,83.00
15101,1510,1038,2,124.00,248.00
15111,1511,1051,3,45.00,135.00
15121,1512,1004,1,71.00,71.00
15131,1513,1017,2,112.00,224.00
15141,1514,1030,3,153.00,459.00
15151,1515,1043,1,59.00,59.00
15161,1516,1056,2,100.00,200.00
15171,1517,1009,3,141.00,423.00
15181,1518,1022,1,47.00,47.00
15191,1519,1035,2,88.00,176.00
15201,1520,1048,3,129.00,387.00
15211,1521,1001,1,35.00,35.00
15221,1522,1014,2,76.00,152.00
15231,1523,1027,3,117.00,351.00
15241,1524,1040,1,143.00,143.00
15251,1525,1053,2,64.00,128.00
15261,1526,1006,3,105.00,315.00
15271,1527,1019,1,131.00,131.00
15281,1528,1032,2,52.00,104.00
15291,1529,1045,3,93.00,279.00
15301,1530,1058,1,119.00,119.00
15311,1531,1011,2,40.00,80.00
15321,1532,1024,3,81.00,243.00
15331,1533,1037,1,107.00,107.00
15341,1534,1050,2,148.00,296.00
15351,1535,1003,3,69.00,207.00
15361,1536,1016,1,95.00,95.00
15371,1537,1029,2,136.00,272.00
15381,1538,1042,3,57.00,171.00
15391,1539,1055,1,83.00,83.00
15401,1540,1008,2,124.00,248.00
15411,1541,1021,3,45.00,135.00
15421,1542,1034,1,71.00,71.00
15431,1543,1047,2,112.00,224.00
15441,1544,1060,3,153.00,459.00
15451,1545,1013,1,59.00,59.00
15461,1546,1026,2,100.00,200.00
15471,1547,1039,3,141.00,423.00
15481,1548,1052,1,47.00,47.00
15491,1549,1005,2,88.00,176.00
15501,1550,1018,3,129.00,387.00
15511,1551,1031,1,35.00,35.00
15521,1552,1044,2,76.00,152.00
15531,1553,1057,3,117.00,351.00
15541,1554,1010,1,143.00,143.00
15551,1555,1023,2,64.00,128.00
15561,1556,1036,3,105.00,315.00
15571,1557,1049,1,131.00,131.00
15581,1558,1002,2,52.00,104.00
15591,1559,1015,3,93.00,279.00
15601,1560,1028,1,119.00,119.00
15611,1561,1041,2,40.00,80.00
15621,1562,1054,3,81.00,243.00
15631,1563,1007,1,107.00,107.00
15641,1564,1020,2,148.00,296.00
15651,1565,1033,3,69.00,207.00
15661,1566,1046,1,95.00,95.00
15671,1567,1059,2,136.00,272.00
15681,1568,1012,3,57.00,171.00
15691,1569,1025,1,83.00,83.00
15701,1570,1038,2,124.00,248.00
15711,1571,1051,3,45.00,135.00
15721,1572,1004,1,71.00,71.00
15731,1573,1017,2,112.00,224.00
15741,1574,1030,3,153.00,459.00
15751,1575,1043,1,59.00,59.00
15761,1576,1056,2,100.00,200.00
15771,1577,1009,3,141.00,423.00
15781,1578,1022,1,47.00,47.00
15791,1579,1035,2,88.00,176.00
15801,1580,1048,3,129.00,387.00
15811,1581,1001,1,35.00,35.00
15821,1582,1014,2,76.00,152.00
15831,1583,1027,3,117.00,351.00
15841,1584,1040,1,143.00,143.00
15851,1585,1053,2,64.00,128.00
15861,1586,1006,3,105.00,315.00
15871,1587,1019,1,131.00,131.00
15881,1588,1032,2,52.00,104.00
15891,1589,1045,3,93.00,279.00
15901,1590,1058,1,119.00,119.00
15911,1591,1011,2,40.00,80.00
15921,1592,1024,3,81.00,243.00
15931,1593,1037,1,107.00,107.00
15941,1594,1050,2,148.00,296.00
15951,1595,1003,3,69.00,207.00
15961,1596,1016,1,95.00,95.00
15971,1597,1029,2,136.00,272.00
15981,1598,1042,3,57.00,171.00
15991,1599,1055,1,83.00,83.00
16001,1600,1008,2,124.00,248.00
16011,1601,1021,3,45.00,135.00
16021,1602,1034,1,71.00,71.00
16031,1603,1047,2,112.00,224.00
16041,1604,1060,3,153.00,459.00
16051,1605,1013,1,59.00,59.00
16061,1606,1026,2,100.00,200.00
16071,1607,1039,3,141.00,423.00
16081,1608,1052,1,47.00,47.00
16091,1609,1005,2,88.00,176.00
16101,1610,1018,3,129.00,387.00
16111,1611,1031,1,35.00,35.00
16121,1612,1044,2,76.00,152.00
16131,1613,1057,3,117.00,351.00
16141,1614,1010,1,143.00,143.00
16151,1615,1023,2,64.00,128.00
16161,1616,1036,3,105.00,315.00
16171,1617,1049,1,131.00,131.00
16181,1618,1002,2,52.00,104.00
16191,1619,1015,3,93.00,279.00
16201,1620,1028,1,119.00,119.00
16211,1621,1041,2,40.00,80.00
16221,1622,1054,3,81.00,243.00
16231,1623,1007,1,107.00,107.00
16241,1624,1020,2,148.00,296.00
16251,1625,1033,3,69.00,207.00
16261,1626,1046,1,95.00,95.00
16271,1627,1059,2,136.00,272.00
16281,1628,1012,3,57.00,171.00
16291,1629,1025,1,83.00,83.00
16301,1630,1038,2,124.00,248.00
16311,1631,1051,3,45.00,135.00
16321,1632,1004,1,71.00,71.00
16331,1633,1017,2,112.00,224.00
16341,1634,1030,3,153.00,459.00
16351,1635,1043,1,59.00,59.00
16361,1636,1056,2,100.00,200.00
16371,1637,1009,3,141.00,423.00
16381,1638,1022,1,47.00,47.00
16391,1639,1035,2,88.00,176.00
16401,1640,1048,3,129.00,387.00
16411,1641,1001,1,35.00,35.00
16421,1642,1014,2,76.00,152.00
16431,1643,1027,3,117.00,351.00
16441,1644,1040,1,143.00,143.00
16451,1645,1053,2,64.00,128.00
16461,1646,1006,3,105.00,315.00
16471,1647,1019,1,131.00,131.00
16481,1648,1032,2,52.00,104.00
16491,1649,1045,3,93.00,279.00
16501,1650,1058,1,119.00,119.00
16511,1651,1011,2,40.00,80.00
16521,1652,1024,3,81.00,243.00
16531,1653,1037,1,107.00,107.00
16541,1654,1050,2,148.00,296.00
16551,1655,1003,3,69.00,207.00
16561,1656,1016,1,95.00,95.00
16571,1657,1029,2,136.00,272.00
16581,1658,1042,3,57.00,171.00
16591,1659,1055,1,83.00,83.00
16601,1660,1008,2,124.00,248.00
16611,1661,1021,3,45.00,135.00
16621,1662,1034,1,71.00,71.00
16631,1663,1047,2,112.00,224.00
16641,1664,1060,3,153.00,459.00
16651,1665,1013,1,59.00,59.00
16661,1666,1026,2,100.00,200.00
16671,1667,1039,3,141.00,423.00
16681,1668,1052,1,47.00,47.00
16691,1669,1005,2,88.00,176.00
16701,1670,1018,3,129.00,387.00
16711,1671,1031,1,35.00,35.00
16721,1672,1044,2,76.00,152.00
16731,1673,1057,3,117.00,351.00
16741,1674,1010,1,143.00,143.00
16751,1675,1023,2,64.00,128.00
16761,1676,1036,3,105.00,315.00
16771,1677,1049,1,131.00,131.00
16781,1678,1002,2,52.00,104.00
16791,1679,1015,3,93.00,279.00
16801,1680,1028,1,119.00,119.00
16811,1681,1041,2,40.00,80.00
16821,1682,1054,3,81.00,243.00
16831,1683,1007,1,107.00,107.00
16841,1684,1020,2,148.00,296.00
16851,1685,1033,3,69.00,207.00
16861,1686,1046,1,95.00,95.00
16871,1687,1059,2,136.00,272.00
16881,1688,1012,3,57.00,171.00
16891,1689,1025,1,83.00,83.00
16901,1690,1038,2,124.00,248.00
16911,1691,1051,3,45.00,135.00
16921,1692,1004,1,71.00,71.00
16931,1693,1017,2,112.00,224.00
16941,1694,1030,3,153.00,459.00
16951,1695,1043,1,59.00,59.00
16961,1696,1056,2,100.00,200.00
16971,1697,1009,3,141.00,423.00
16981,1698,1022,1,47.00,47.00
16991,1699,1035,2,88.00,176.00
17001,1700,1048,3,129.00,387.00
17011,1701,1001,1,35.00,35.00
17021,1702,1014,2,76.00,152.00
17031,1703,1027,3,117.00,351.00
17041,1704,1040,1,143.00,143.00
17051,1705,1053,2,64.00,128.00
17061,1706,1006,3,105.00,315.00
17071,1707,1019,1,131.00,131.00
17081,1708,1032,2,52.00,104.00
17091,1709,1045,3,93.00,279.00
17101,1710,1058,1,119.00,119.00
17111,1711,1011,2,40.00,80.00
17121,1712,1024,3,81.00,243.00
17131,1713,1037,1,107.00,107.00
17141,1714,1050,2,148.00,296.00
17151,1715,1003,3,69.00,207.00
17161,1716,1016,1,95.00,95.00
17171,1717,1029,2,136.00,272.00
17181,1718,1042,3,57.00,171.00
17191,1719,1055,1,83.00,83.00
17201,1720,1008,2,124.00,248.00
17211,1721,1021,3,45.00,135.00
17221,1722,1034,1,71.00,71.00
17231,1723,1047,2,112.00,224.00
17241,1724,1060,3,153.00,459.00
17251,1725,1013,1,59.00,59.00
17261,1726,1026,2,100.00,200.00
17271,1727,1039,3,141.00,423.00
17281,1728,1052,1,47.00,47.00
17291,1729,1005,2,88.00,176.00
17301,1730,1018,3,129.00,387.00
17311,1731,1031,1,35.00,35.00
17321,1732,1044,2,76.00,152.00
17331,1733,1057,3,117.00,351.00
17341,1734,1010,1,143.00,143.00
17351,1735,1023,2,64.00,128.00
17361,1736,1036,3,105.00,315.00
17371,1737,1049,1,131.00,131.00
17381,1738,1002,2,52.00,104.00
17391,1739,1015,3,93.00,279.00
17401,1740,1028,1,119.00,119.00
17411,1741,1041,2,40.00,80.00
17421,1742,1054,3,81.00,243.00
17431,1743,1007,1,107.00,107.00
17441,1744,1020,2,148.00,296.00
17451,1745,1033,3,69.00,207.00
17461,1746,1046,1,95.00,95.00
17471,1747,1059,2,136.00,272.00
17481,1748,1012,3,57.00,171.00
17491,1749,1025,1,83.00,83.00
17501,1750,1038,2,124.00,248.00
17511,1751,1051,3,45.00,135.00
17521,1752,1004,1,71.00,71.00
17531,1753,1017,2,112.00,224.00
17541,1754,1030,3,153.00,459.00
17551,1755,1043,1,59.00,59.00
17561,1756,1056,2,100.00,200.00
17571,1757,1009,3,141.00,423.00
17581,1758,1022,1,47.00,47.00
17591,1759,1035,2,88.00,176.00
17601,1760,1048,3,129.00,387.00
17611,1761,1001,1,35.00,35.00
17621,1762,1014,2,76.00,152.00
17631,1763,1027,3,117.00,351.00
17641,1764,1040,1,143.00,143.00
17651,1765,1053,2,64.00,128.00
17661,1766,1006,3,105.00,315.00
17671,1767,1019,1,131.00,131.00
17681,1768,1032,2,52.00,104.00
17691,1769,1045,3,93.00,279.00
17701,1770,1058,1,119.00,119.00
17711,1771,1011,2,40.00,80.00
17721,1772,1024,3,81.00,243.00
17731,1773,1037,1,107.00,107.00
17741,1774,1050,2,148.00,296.00
17751,1775,1003,3,69.00,207.00
17761,1776,1016,1,95.00,95.00
17771,1777,1029,2,136.00,272.00
17781,1778,1042,3,57.00,171.00
17791,1779,1055,1,83.00,83.00
17801,1780,1008,2,124.00,248.00
17811,1781,1021,3,45.00,135.00
17821,1782,1034,1,71.00,71.00
17831,1783,1047,2,112.00,224.00
17841,1784,1060,3,153.00,459.00
17851,1785,1013,1,59.00,59.00
17861,1786,1026,2,100.00,200.00
17871,1787,1039,3,141.00,423.00
17881,1788,1052,1,47.00,47.00
17891,1789,1005,2,88.00,176.00
17901,1790,1018,3,129.00,387.00
17911,1791,1031,1,35.00,35.00
17921,1792,1044,2,76.00,152.00
17931,1793,1057,3,117.00,351.00
17941,1794,1010,1,143.00,143.00
17951,1795,1023,2,64.00,128.00
17961,1796,1036,3,105.00,315.00
17971,1797,1049,1,131.00,131.00
17981,1798,1002,2,52.00,104.00
17991,1799,1015,3,93.00,279.00
18001,1800,1028,1,119.00,119.00
18011,1801,1041,2,40.00,80.00
18021,1802,1054,3,81.00,243.00
18031,1803,1007,1,107.00,107.00
18041,1804,1020,2,148.00,296.00
18051,1805,1033,3,69.00,207.00
18061,1806,1046,1,95.00,95.00
18071,1807,1059,2,136.00,272.00
18081,1808,1012,3,57.00,171.00
18091,1809,1025,1,83.00,83.00
18101,1810,1038,2,124.00,248.00
18111,1811,1051,3,45.00,135.00
18121,1812,1004,1,71.00,71.00
18131,1813,1017,2,112.00,224.00
18141,1814,1030,3,153.00,459.00
18151,1815,1043,1,59.00,59.00
18161,1816,1056,2,100.00,200.00
18171,1817,1009,3,141.00,423.00
18181,1818,1022,1,47.00,47.00
18191,1819,1035,2,88.00,176.00
18201,1820,1048,3,129.00,387.00
18211,1821,1001,1,35.00,35.00
18221,1822,1014,2,76.00,152.00
18231,1823,1027,3,117.00,351.00
18241,1824,1040,1,143.00,143.00
18251,1825,1053,2,64.00,128.00
18261,1826,1006,3,105.00,315.00
18271,1827,1019,1,131.00,131.00
18281,1828,1032,2,52.00,104.00
18291,1829,1045,3,93.00,279.00
18301,1830,1058,1,119.00,119.00
18311,1831,1011,2,40.00,80.00
18321,1832,1024,3,81.00,243.00
18331,1833,1037,1,107.00,107.00
18341,1834,1050,2,148.00,296.00
18351,1835,1003,3,69.00,207.00
18361,1836,1016,1,95.00,95.00
18371,1837,1029,2,136.00,272.00
18381,1838,1042,3,57.00,171.00
18391,1839,1055,1,83.00,83.00
18401,1840,1008,2,124.00,248.00
18411,1841,1021,3,45.00,135.00
18421,1842,1034,1,71.00,71.00
18431,1843,1047,2,112.00,224.00
18441,1844,1060,3,153.00,459.00
18451,1845,1013,1,59.00,59.00
18461,1846,1026,2,100.00,200.00
18471,1847,1039,3,141.00,423.00
18481,1848,1052,1,47.00,47.00
18491,1849,1005,2,88.00,176.00
18501,1850,1018,3,129.00,387.00
18511,1851,1031,1,35.00,35.00
18521,1852,1044,2,76.00,152.00
18531,1853,1057,3,117.00,351.00
18541,1854,1010,1,143.00,143.00
18551,1855,1023,2,64.00,128.00
18561,1856,1036,3,105.00,315.00
18571,1857,1049,1,131.00,131.00
18581,1858,1002,2,52.00,104.00
18591,1859,1015,3,93.00,279.00
18601,1860,1028,1,119.00,119.00
18611,1861,1041,2,40.00,80.00
18621,1862,1054,3,81.00,243.00
18631,1863,1007,1,107.00,107.00
18641,1864,1020,2,148.00,296.00
18651,1865,1033,3,69.00,207.00
18661,1866,1046,1,95.00,95.00
18671,1867,1059,2,136.00,272.00
18681,1868,1012,3,57.00,171.00
18691,1869,1025,1,83.00,83.00
18701,1870,1038,2,124.00,248.00
18711,1871,1051,3,45.00,135.00
18721,1872,1004,1,71.00,71.00
18731,1873,1017,2,112.00,224.00
18741,1874,1030,3,153.00,459.00
18751,1875,1043,1,59.00,59.00
18761,1876,1056,2,100.00,200.00
18771,1877,1009,3,141.00,423.00
18781,1878,1022,1,47.00,47.00
18791,1879,1035,2,88.00,176.00
18801,1880,1048,3,129.00,387.00
18811,1881,1001,1,35.00,35.00
18821,1882,1014,2,76.00,152.00
18831,1883,1027,3,117.00,351.00
18841,1884,1040,1,143.00,143.00
18851,1885,1053,2,64.00,128.00
18861,1886,1006,3,105.00,315.00
18871,1887,1019,1,131.00,131.00
18881,1888,1032,2,52.00,104.00
18891,1889,1045,3,93.00,279.00
18901,1890,1058,1,119.00,119.00
18911,1891,1011,2,40.00,80.00
18921,1892,1024,3,81.00,243.00
18931,1893,1037,1,107.00,107.00
18941,1894,1050,2,148.00,296.00
18951,1895,1003,3,69.00,207.00
18961,1896,1016,1,95.00,95.00
18971,1897,1029,2,136.00,272.00
18981,1898,1042,3,57.00,171.00
18991,1899,1055,1,83.00,83.00
19001,1900,1008,2,124.00,248.00
19011,1901,1021,3,45.00,135.00
19021,1902,1034,1,71.00,71.00
19031,1903,1047,2,112.00,224.00
19041,1904,1060,3,153.00,459.00
19051,1905,1013,1,59.00,59.00
19061,1906,1026,2,100.00,200.00
19071,1907,1039,3,141.00,423.00
19081,1908,1052,1,47.00,47.00
19091,1909,1005,2,88.00,176.00
19101,1910,1018,3,129.00,387.00
19111,1911,1031,1,35.00,35.00
19121,1912,1044,2,76.00,152.00
19131,1913,1057,3,117.00,351.00
19141,1914,1010,1,143.00,143.00
19151,1915,1023,2,64.00,128.00
19161,1916,1036,3,105.00,315.00
19171,1917,1049,1,131.00,131.00
19181,1918,1002,2,52.00,104.00
19191,1919,1015,3,93.00,279.00
19201,1920,1028,1,119.00,119.00
19211,1921,1041,2,40.00,80.00
19221,1922,1054,3,81.00,243.00
19231,1923,1007,1,107.00,107.00
19241,1924,1020,2,148.00,296.00
19251,1925,1033,3,69.00,207.00
19261,1926,1046,1,95.00,95.00
19271,1927,1059,2,136.00,272.00
19281,1928,1012,3,57.00,171.00
19291,1929,1025,1,83.00,83.00
19301,1930,1038,2,124.00,248.00
19311,1931,1051,3,45.00,135.00
19321,1932,1004,1,71.00,71.00
19331,1933,1017,2,112.00,224.00
19341,1934,1030,3,153.00,459.00
19351,1935,1043,1,59.00,59.00
19361,1936,1056,2,100.00,200.00
19371,1937,1009,3,141.00,423.00
19381,1938,1022,1,47.00,47.00
19391,1939,1035,2,88.00,176.00
19401,1940,1048,3,129.00,387.00
19411,1941,1001,1,35.00,35.00
19421,1942,1014,2,76.00,152.00
19431,1943,1027,3,117.00,351.00
19441,1944,1040,1,143.00,143.00
19451,1945,1053,2,64.00,128.00
19461,1946,1006,3,105.00,315.00
19471,1947,1019,1,131.00,131.00
19481,1948,1032,2,52.00,104.00
19491,1949,1045,3,93.00,279.00
19501,1950,1058,1,119.00,119.00
19511,1951,1011,2,40.00,80.00
19521,1952,1024,3,81.00,243.00
19531,1953,1037,1,107.00,107.00
19541,1954,1050,2,148.00,296.00
19551,1955,1003,3,69.00,207.00
19561,1956,1016,1,95.00,95.00
19571,1957,1029,2,136.00,272.00
19581,1958,1042,3,57.00,171.00
19591,1959,1055,1,83.00,83.00
19601,1960,1008,2,124.00,248.00
19611,1961,1021,3,45.00,135.00
19621,1962,1034,1,71.00,71.00
19631,1963,1047,2,112.00,224.00
19641,1964,1060,3,153.00,459.00
19651,1965,1013,1,59.00,59.00
19661,1966,1026,2,100.00,200.00
19671,1967,1039,3,141.00,423.00
19681,1968,1052,1,47.00,47.00
19691,1969,1005,2,88.00,176.00
19701,1970,1018,3,129.00,387.00
19711,1971,1031,1,35.00,35.00
19721,1972,1044,2,76.00,152.00
19731,1973,1057,3,117.00,351.00
19741,1974,1010,1,143.00,143.00
19751,1975,1023,2,64.00,128.00
19761,1976,1036,3,105.00,315.00
19771,1977,1049,1,131.00,131.00
19781,1978,1002,2,52.00,104.00
19791,1979,1015,3,93.00,279.00
19801,1980,1028,1,119.00,119.00
19811,1981,1041,2,40.00,80.00
19821,1982,1054,3,81.00,243.00
19831,1983,1007,1,107.00,107.00
19841,1984,1020,2,148.00,296.00
19851,1985,1033,3,69.00,207.00
19861,1986,1046,1,95.00,95.00
19871,1987,1059,2,136.00,272.00
19881,1988,1012,3,57.00,171.00
19891,1989,1025,1,83.00,83.00
19901,1990,1038,2,124.00,248.00
19911,1991,1051,3,45.00,135.00
19921,1992,1004,1,71.00,71.00
19931,1993,1017,2,112.00,224.00
19941,1994,1030,3,153.00,459.00
19951,1995,1043,1,59.00,59.00
19961,1996,1056,2,100.00,200.00
19971,1997,1009,3,141.00,423.00
19981,1998,1022,1,47.00,47.00
19991,1999,1035,2,88.00,176.00
20001,2000,1048,3,129.00,387.00
10012,1001,1028,1,119.00,119.00
10022,1002,1041,2,40.00,80.00
10032,1003,1054,3,81.00,243.00
10052,1005,1020,2,148.00,296.00
10062,1006,1033,3,69.00,207.00
10072,1007,1046,1,95.00,95.00
10092,1009,1012,3,57.00,171.00
10102,1010,1025,1,83.00,83.00
10112,1011,1038,2,124.00,248.00
10132,1013,1004,1,71.00,71.00
10142,1014,1017,2,112.00,224.00
10152,1015,1030,3,153.00,459.00
10172,1017,1056,2,100.00,200.00
10182,1018,1009,3,141.00,423.00
10192,1019,1022,1,47.00,47.00
10212,1021,1048,3,129.00,387.00
10222,1022,1001,1,35.00,35.00
10232,1023,1014,2,76.00,152.00
10252,1025,1040,1,143.00,143.00
10262,1026,1053,2,64.00,128.00
10272,1027,1006,3,105.00,315.00
10292,1029,1032,2,52.00,104.00
10302,1030,1045,3,93.00,279.00
10312,1031,1058,1,119.00,119.00
10332,1033,1024,3,81.00,243.00
10342,1034,1037,1,107.00,107.00
10352,1035,1050,2,148.00,296.00
10372,1037,1016,1,95.00,95.00
10382,1038,1029,2,136.00,272.00
10392,1039,1042,3,57.00,171.00
10412,1041,1008,2,124.00,248.00
10422,1042,1021,3,45.00,135.00
10432,1043,1034,1,71.00,71.00
10452,1045,1060,3,153.00,459.00
10462,1046,1013,1,59.00,59.00
10472,1047,1026,2,100.00,200.00
10492,1049,1052,1,47.00,47.00
10502,1050,1005,2,88.00,176.00
10512,1051,1018,3,129.00,387.00
10532,1053,1044,2,76.00,152.00
10542,1054,1057,3,117.00,351.00
10552,1055,1010,1,143.00,143.00
10572,1057,1036,3,105.00,315.00
10582,1058,1049,1,131.00,131.00
10592,1059,1002,2,52.00,104.00
10612,1061,1028,1,119.00,119.00
10622,1062,1041,2,40.00,80.00
10632,1063,1054,3,81.00,243.00
10652,1065,1020,2,148.00,296.00
10662,1066,1033,3,69.00,207.00
10672,1067,1046,1,95.00,95.00
10692,1069,1012,3,57.00,171.00
10702,1070,1025,1,83.00,83.00
10712,1071,1038,2,124.00,248.00
10732,1073,1004,1,71.00,71.00
10742,1074,1017,2,112.00,224.00
10752,1075,1030,3,153.00,459.00
10772,1077,1056,2,100.00,200.00
10782,1078,1009,3,141.00,423.00
10792,1079,1022,1,47.00,47.00
10812,1081,1048,3,129.00,387.00
10822,1082,1001,1,35.00,35.00
10832,1083,1014,2,76.00,152.00
10852,1085,1040,1,143.00,143.00
10862,1086,1053,2,64.00,128.00
10872,1087,1006,3,105.00,315.00
10892,1089,1032,2,52.00,104.00
10902,1090,1045,3,93.00,279.00
10912,1091,1058,1,119.00,119.00
10932,1093,1024,3,81.00,243.00
10942,1094,1037,1,107.00,107.00
10952,1095,1050,2,148.00,296.00
10972,1097,1016,1,95.00,95.00
10982,1098,1029,2,136.00,272.00
10992,1099,1042,3,57.00,171.00
11012,1101,1008,2,124.00,248.00
11022,1102,1021,3,45.00,135.00
11032,1103,1034,1,71.00,71.00
11052,1105,1060,3,153.00,459.00
11062,1106,1013,1,59.00,59.00
11072,1107,1026,2,100.00,200.00
11092,1109,1052,1,47.00,47.00
11102,1110,1005,2,88.00,176.00
11112,1111,1018,3,129.00,387.00
11132,1113,1044,2,76.00,152.00
11142,1114,1057,3,117.00,351.00
11152,1115,1010,1,143.00,143.00
11172,1117,1036,3,105.00,315.00
11182,1118,1049,1,131.00,131.00
11192,1119,1002,2,52.00,104.00
11212,1121,1028,1,119.00,119.00
11222,1122,1041,2,40.00,80.00
11232,1123,1054,3,81.00,243.00
11252,1125,1020,2,148.00,296.00
11262,1126,1033,3,69.00,207.00
11272,1127,1046,1,95.00,95.00
11292,1129,1012,3,57.00,171.00
11302,1130,1025,1,83.00,83.00
11312,1131,1038,2,124.00,248.00
11332,1133,1004,1,71.00,71.00
11342,1134,1017,2,112.00,224.00
11352,1135,1030,3,153.00,459.00
11372,1137,1056,2,100.00,200.00
11382,1138,1009,3,141.00,423.00
11392,1139,1022,1,47.00,47.00
11412,1141,1048,3,129.00,387.00
11422,1142,1001,1,35.00,35.00
11432,1143,1014,2,76.00,152.00
11452,1145,1040,1,143.00,143.00
11462,1146,1053,2,64.00,128.00
11472,1147,1006,3,105.00,315.00
11492,1149,1032,2,52.00,104.00
11502,1150,1045,3,93.00,279.00
11512,1151,1058,1,119.00,119.00
11532,1153,1024,3,81.00,243.00
11542,1154,1037,1,107.00,107.00
11552,1155,1050,2,148.00,296.00
11572,1157,1016,1,95.00,95.00
11582,1158,1029,2,136.00,272.00
11592,1159,1042,3,57.00,171.00
11612,1161,1008,2,124.00,248.00
11622,1162,1021,3,45.00,135.00
11632,1163,1034,1,71.00,71.00
11652,1165,1060,3,153.00,459.00
11662,1166,1013,1,59.00,59.00
11672,1167,1026,2,100.00,200.00
11692,1169,1052,1,47.00,47.00
11702,1170,1005,2,88.00,176.00
11712,1171,1018,3,129.00,387.00
11732,1173,1044,2,76.00,152.00
11742,1174,1057,3,117.00,351.00
11752,1175,1010,1,143.00,143.00
11772,1177,1036,3,105.00,315.00
11782,1178,1049,1,131.00,131.00
11792,1179,1002,2,52.00,104.00
11812,1181,1028,1,119.00,119.00
11822,1182,1041,2,40.00,80.00
11832,1183,1054,3,81.00,243.00
11852,1185,1020,2,148.00,296.00
11862,1186,1033,3,69.00,207.00
11872,1187,1046,1,95.00,95.00
11892,1189,1012,3,57.00,171.00
11902,1190,1025,1,83.00,83.00
11912,1191,1038,2,124.00,248.00
11932,1193,1004,1,71.00,71.00
11942,1194,1017,2,112.00,224.00
11952,1195,1030,3,153.00,459.00
11972,1197,1056,2,100.00,200.00
11982,1198,1009,3,141.00,423.00
11992,1199,1022,1,47.00,47.00
12012,1201,1048,3,129.00,387.00
12022,1202,1001,1,35.00,35.00
12032,1203,1014,2,76.00,152.00
12052,1205,1040,1,143.00,143.00
12062,1206,1053,2,64.00,128.00
12072,1207,1006,3,105.00,315.00
12092,1209,1032,2,52.00,104.00
12102,1210,1045,3,93.00,279.00
12112,1211,1058,1,119.00,119.00
12132,1213,1024,3,81.00,243.00
12142,1214,1037,1,107.00,107.00
12152,1215,1050,2,148.00,296.00
12172,1217,1016,1,95.00,95.00
12182,1218,1029,2,136.00,272.00
12192,1219,1042,3,57.00,171.00
12212,1221,1008,2,124.00,248.00
12222,1222,1021,3,45.00,135.00
12232,1223,1034,1,71.00,71.00
12252,1225,1060,3,153.00,459.00
12262,1226,1013,1,59.00,59.00
12272,1227,1026,2,100.00,200.00
12292,1229,1052,1,47.00,47.00
12302,1230,1005,2,88.00,176.00
12312,1231,1018,3,129.00,387.00
12332,1233,1044,2,76.00,152.00
12342,1234,1057,3,117.00,351.00
12352,1235,1010,1,143.00,143.00
12372,1237,1036,3,105.00,315.00
12382,1238,1049,1,131.00,131.00
12392,1239,1002,2,52.00,104.00
12412,1241,1028,1,119.00,119.00
12422,1242,1041,2,40.00,80.00
12432,1243,1054,3,81.00,243.00
12452,1245,1020,2,148.00,296.00
12462,1246,1033,3,69.00,207.00
12472,1247,1046,1,95.00,95.00
12492,1249,1012,3,57.00,171.00
12502,1250,1025,1,83.00,83.00
12512,1251,1038,2,124.00,248.00
12532,1253,1004,1,71.00,71.00
12542,1254,1017,2,112.00,224.00
12552,1255,1030,3,153.00,459.00
12572,1257,1056,2,100.00,200.00
12582,1258,1009,3,141.00,423.00
12592,1259,1022,1,47.00,47.00
12612,1261,1048,3,129.00,387.00
12622,1262,1001,1,35.00,35.00
12632,1263,1014,2,76.00,152.00
12652,1265,1040,1,143.00,143.00
12662,1266,1053,2,64.00,128.00
12672,1267,1006,3,105.00,315.00
12692,1269,1032,2,52.00,104.00
12702,1270,1045,3,93.00,279.00
12712,1271,1058,1,119.00,119.00
12732,1273,1024,3,81.00,243.00
12742,1274,1037,1,107.00,107.00
12752,1275,1050,2,148.00,296.00
12772,1277,1016,1,95.00,95.00
12782,1278,1029,2,136.00,272.00
12792,1279,1042,3,57.00,171.00
12812,1281,1008,2,124.00,248.00
12822,1282,1021,3,45.00,135.00
12832,1283,1034,1,71.00,71.00
12852,1285,1060,3,153.00,459.00
12862,1286,1013,1,59.00,59.00
12872,1287,1026,2,100.00,200.00
12892,1289,1052,1,47.00,47.00
12902,1290,1005,2,88.00,176.00
12912,1291,1018,3,129.00,387.00
12932,1293,1044,2,76.00,152.00
12942,1294,1057,3,117.00,351.00
12952,1295,1010,1,143.00,143.00
12972,1297,1036,3,105.00,315.00
12982,1298,1049,1,131.00,131.00
12992,1299,1002,2,52.00,104.00
13012,1301,1028,1,119.00,119.00
13022,1302,1041,2,40.00,80.00
13032,1303,1054,3,81.00,243.00
13052,1305,1020,2,148.00,296.00
13062,1306,1033,3,69.00,207.00
13072,1307,1046,1,95.00,95.00
13092,1309,1012,3,57.00,171.00
13102,1310,1025,1,83.00,83.00
13112,1311,1038,2,124.00,248.00
13132,1313,1004,1,71.00,71.00
13142,1314,1017,2,112.00,224.00
13152,1315,1030,3,153.00,459.00
13172,1317,1056,2,100.00,200.00
13182,1318,1009,3,141.00,423.00
13192,1319,1022,1,47.00,47.00
13212,1321,1048,3,129.00,387.00
13222,1322,1001,1,35.00,35.00
13232,1323,1014,2,76.00,152.00
13252,1325,1040,1,143.00,143.00
13262,1326,1053,2,64.00,128.00
13272,1327,1006,3,105.00,315.00
13292,1329,1032,2,52.00,104.00
13302,1330,1045,3,93.00,279.00
13312,1331,1058,1,119.00,119.00
13332,1333,1024,3,81.00,243.00
13342,1334,1037,1,107.00,107.00
13352,1335,1050,2,148.00,296.00
13372,1337,1016,1,95.00,95.00
13382,1338,1029,2,136.00,272.00
13392,1339,1042,3,57.00,171.00
13412,1341,1008,2,124.00,248.00
13422,1342,1021,3,45.00,135.00
13432,1343,1034,1,71.00,71.00
13452,1345,1060,3,153.00,459.00
13462,1346,1013,1,59.00,59.00
13472,1347,1026,2,100.00,200.00
13492,1349,1052,1,47.00,47.00
13502,1350,1005,2,88.00,176.00
13512,1351,1018,3,129.00,387.00
13532,1353,1044,2,76.00,152.00
13542,1354,1057,3,117.00,351.00
13552,1355,1010,1,143.00,143.00
13572,1357,1036,3,105.00,315.00
13582,1358,1049,1,131.00,131.00
13592,1359,1002,2,52.00,104.00
13612,1361,1028,1,119.00,119.00
13622,1362,1041,2,40.00,80.00
13632,1363,1054,3,81.00,243.00
13652,1365,1020,2,148.00,296.00
13662,1366,1033,3,69.00,207.00
13672,1367,1046,1,95.00,95.00
13692,1369,1012,3,57.00,171.00
13702,1370,1025,1,83.00,83.00
13712,1371,1038,2,124.00,248.00
13732,1373,1004,1,71.00,71.00
13742,1374,1017,2,112.00,224.00
13752,1375,1030,3,153.00,459.00
13772,1377,1056,2,100.00,200.00
13782,1378,1009,3,141.00,423.00
13792,1379,1022,1,47.00,47.00
13812,1381,1048,3,129.00,387.00
13822,1382,1001,1,35.00,35.00
13832,1383,1014,2,76.00,152.00
13852,1385,1040,1,143.00,143.00
13862,1386,1053,2,64.00,128.00
13872,1387,1006,3,105.00,315.00
13892,1389,1032,2,52.00,104.00
13902,1390,1045,3,93.00,279.00
13912,1391,1058,1,119.00,119.00
13932,1393,1024,3,81.00,243.00
13942,1394,1037,1,107.00,107.00
13952,1395,1050,2,148.00,296.00
13972,1397,1016,1,95.00,95.00
13982,1398,1029,2,136.00,272.00
13992,1399,1042,3,57.00,171.00
14012,1401,1008,2,124.00,248.00
14022,1402,1021,3,45.00,135.00
14032,1403,1034,1,71.00,71.00
14052,1405,1060,3,153.00,459.00
14062,1406,1013,1,59.00,59.00
14072,1407,1026,2,100.00,200.00
14092,1409,1052,1,47.00,47.00
14102,1410,1005,2,88.00,176.00
14112,1411,1018,3,129.00,387.00
14132,1413,1044,2,76.00,152.00
14142,1414,1057,3,117.00,351.00
14152,1415,1010,1,143.00,143.00
14172,1417,1036,3,105.00,315.00
14182,1418,1049,1,131.00,131.00
14192,1419,1002,2,52.00,104.00
14212,1421,1028,1,119.00,119.00
14222,1422,1041,2,40.00,80.00
14232,1423,1054,3,81.00,243.00
14252,1425,1020,2,148.00,296.00
14262,1426,1033,3,69.00,207.00
14272,1427,1046,1,95.00,95.00
14292,1429,1012,3,57.00,171.00
14302,1430,1025,1,83.00,83.00
14312,1431,1038,2,124.00,248.00
14332,1433,1004,1,71.00,71.00
14342,1434,1017,2,112.00,224.00
14352,1435,1030,3,153.00,459.00
14372,1437,1056,2,100.00,200.00
14382,1438,1009,3,141.00,423.00
14392,1439,1022,1,47.00,47.00
14412,1441,1048,3,129.00,387.00
14422,1442,1001,1,35.00,35.00
14432,1443,1014,2,76.00,152.00
14452,1445,1040,1,143.00,143.00
14462,1446,1053,2,64.00,128.00
14472,1447,1006,3,105.00,315.00
14492,1449,1032,2,52.00,104.00
14502,1450,1045,3,93.00,279.00
14512,1451,1058,1,119.00,119.00
14532,1453,1024,3,81.00,243.00
14542,1454,1037,1,107.00,107.00
14552,1455,1050,2,148.00,296.00
14572,1457,1016,1,95.00,95.00
14582,1458,1029,2,136.00,272.00
14592,1459,1042,3,57.00,171.00
14612,1461,1008,2,124.00,248.00
14622,1462,1021,3,45.00,135.00
14632,1463,1034,1,71.00,71.00
14652,1465,1060,3,153.00,459.00
14662,1466,1013,1,59.00,59.00
14672,1467,1026,2,100.00,200.00
14692,1469,1052,1,47.00,47.00
14702,1470,1005,2,88.00,176.00
14712,1471,1018,3,129.00,387.00
14732,1473,1044,2,76.00,152.00
14742,1474,1057,3,117.00,351.00
14752,1475,1010,1,143.00,143.00
14772,1477,1036,3,105.00,315.00
14782,1478,1049,1,131.00,131.00
14792,1479,1002,2,52.00,104.00
14812,1481,1028,1,119.00,119.00
14822,1482,1041,2,40.00,80.00
14832,1483,1054,3,81.00,243.00
14852,1485,1020,2,148.00,296.00
14862,1486,1033,3,69.00,207.00
14872,1487,1046,1,95.00,95.00
14892,1489,1012,3,57.00,171.00
14902,1490,1025,1,83.00,83.00
14912,1491,1038,2,124.00,248.00
14932,1493,1004,1,71.00,71.00
14942,1494,1017,2,112.00,224.00
14952,1495,1030,3,153.00,459.00
14972,1497,1056,2,100.00,200.00
14982,1498,1009,3,141.00,423.00
14992,1499,1022,1,47.00,47.00
15012,1501,1048,3,129.00,387.00
15022,1502,1001,1,35.00,35.00
15032,1503,1014,2,76.00,152.00
15052,1505,1040,1,143.00,143.00
15062,1506,1053,2,64.00,128.00
15072,1507,1006,3,105.00,315.00
15092,1509,1032,2,52.00,104.00
15102,1510,1045,3,93.00,279.00
15112,1511,1058,1,119.00,119.00
15132,1513,1024,3,81.00,243.00
15142,1514,1037,1,107.00,107.00
15152,1515,1050,2,148.00,296.00
15172,1517,1016,1,95.00,95.00
15182,1518,1029,2,136.00,272.00
15192,1519,1042,3,57.00,171.00
15212,1521,1008,2,124.00,248.00
15222,1522,1021,3,45.00,135.00
15232,1523,1034,1,71.00,71.00
15252,1525,1060,3,153.00,459.00
15262,1526,1013,1,59.00,59.00
15272,1527,1026,2,100.00,200.00
15292,1529,1052,1,47.00,47.00
15302,1530,1005,2,88.00,176.00
15312,1531,1018,3,129.00,387.00
15332,1533,1044,2,76.00,152.00
15342,1534,1057,3,117.00,351.00
15352,1535,1010,1,143.00,143.00
15372,1537,1036,3,105.00,315.00
15382,1538,1049,1,131.00,131.00
15392,1539,1002,2,52.00,104.00
15412,1541,1028,1,119.00,119.00
15422,1542,1041,2,40.00,80.00
15432,1543,1054,3,81.00,243.00
15452,1545,1020,2,148.00,296.00
15462,1546,1033,3,69.00,207.00
15472,1547,1046,1,95.00,95.00
15492,1549,1012,3,57.00,171.00
15502,1550,1025,1,83.00,83.00
15512,1551,1038,2,124.00,248.00
15532,1553,1004,1,71.00,71.00
15542,1554,1017,2,112.00,224.00
15552,1555,1030,3,153.00,459.00
15572,1557,1056,2,100.00,200.00
15582,1558,1009,3,141.00,423.00
15592,1559,1022,1,47.00,47.00
15612,1561,1048,3,129.00,387.00
15622,1562,1001,1,35.00,35.00
15632,1563,1014,2,76.00,152.00
15652,1565,1040,1,143.00,143.00
15662,1566,1053,2,64.00,128.00
15672,1567,1006,3,105.00,315.00
15692,1569,1032,2,52.00,104.00
15702,1570,1045,3,93.00,279.00
15712,1571,1058,1,119.00,119.00
15732,1573,1024,3,81.00,243.00
15742,1574,1037,1,107.00,107.00
15752,1575,1050,2,148.00,296.00
15772,1577,1016,1,95.00,95.00
15782,1578,1029,2,136.00,272.00
15792,1579,1042,3,57.00,171.00
15812,1581,1008,2,124.00,248.00
15822,1582,1021,3,45.00,135.00
15832,1583,1034,1,71.00,71.00
15852,1585,1060,3,153.00,459.00
15862,1586,1013,1,59.00,59.00
15872,1587,1026,2,100.00,200.00
15892,1589,1052,1,47.00,47.00
15902,1590,1005,2,88.00,176.00
15912,1591,1018,3,129.00,387.00
15932,1593,1044,2,76.00,152.00
15942,1594,1057,3,117.00,351.00
15952,1595,1010,1,143.00,143.00
15972,1597,1036,3,105.00,315.00
15982,1598,1049,1,131.00,131.00
15992,1599,1002,2,52.00,104.00
16012,1601,1028,1,119.00,119.00
16022,1602,1041,2,40.00,80.00
16032,1603,1054,3,81.00,243.00
16052,1605,1020,2,148.00,296.00
16062,1606,1033,3,69.00,207.00
16072,1607,1046,1,95.00,95.00
16092,1609,1012,3,57.00,171.00
16102,1610,1025,1,83.00,83.00
16112,1611,1038,2,124.00,248.00
16132,1613,1004,1,71.00,71.00
16142,1614,1017,2,112.00,224.00
16152,1615,1030,3,153.00,459.00
16172,1617,1056,2,100.00,200.00
16182,1618,1009,3,141.00,423.00
16192,1619,1022,1,47.00,47.00
16212,1621,1048,3,129.00,387.00
16222,1622,1001,1,35.00,35.00
16232,1623,1014,2,76.00,152.00
16252,1625,1040,1,143.00,143.00
16262,1626,1053,2,64.00,128.00
16272,1627,1006,3,105.00,315.00
16292,1629,1032,2,52.00,104.00
16302,1630,1045,3,93.00,279.00
16312,1631,1058,1,119.00,119.00
16332,1633,1024,3,81.00,243.00
16342,1634,1037,1,107.00,107.00
16352,1635,1050,2,148.00,296.00
16372,1637,1016,1,95.00,95.00
16382,1638,1029,2,136.00,272.00
16392,1639,1042,3,57.00,171.00
16412,1641,1008,2,124.00,248.00
16422,1642,1021,3,45.00,135.00
16432,1643,1034,1,71.00,71.00
16452,1645,1060,3,153.00,459.00
16462,1646,1013,1,59.00,59.00
16472,1647,1026,2,100.00,200.00
16492,1649,1052,1,47.00,47.00
16502,1650,1005,2,88.00,176.00
16512,1651,1018,3,129.00,387.00
16532,1653,1044,2,76.00,152.00
16542,1654,1057,3,117.00,351.00
16552,1655,1010,1,143.00,143.00
16572,1657,1036,3,105.00,315.00
16582,1658,1049,1,131.00,131.00
16592,1659,1002,2,52.00,104.00
16612,1661,1028,1,119.00,119.00
16622,1662,1041,2,40.00,80.00
16632,1663,1054,3,81.00,243.00
16652,1665,1020,2,148.00,296.00
16662,1666,1033,3,69.00,207.00
16672,1667,1046,1,95.00,95.00
16692,1669,1012,3,57.00,171.00
16702,1670,1025,1,83.00,83.00
16712,1671,1038,2,124.00,248.00
16732,1673,1004,1,71.00,71.00
16742,1674,1017,2,112.00,224.00
16752,1675,1030,3,153.00,459.00
16772,1677,1056,2,100.00,200.00
16782,1678,1009,3,141.00,423.00
16792,1679,1022,1,47.00,47.00
16812,1681,1048,3,129.00,387.00
16822,1682,1001,1,35.00,35.00
16832,1683,1014,2,76.00,152.00
16852,1685,1040,1,143.00,143.00
16862,1686,1053,2,64.00,128.00
16872,1687,1006,3,105.00,315.00
16892,1689,1032,2,52.00,104.00
16902,1690,1045,3,93.00,279.00
16912,1691,1058,1,119.00,119.00
16932,1693,1024,3,81.00,243.00
16942,1694,1037,1,107.00,107.00
16952,1695,1050,2,148.00,296.00
16972,1697,1016,1,95.00,95.00
16982,1698,1029,2,136.00,272.00
16992,1699,1042,3,57.00,171.00
17012,1701,1008,2,124.00,248.00
17022,1702,1021,3,45.00,135.00
17032,1703,1034,1,71.00,71.00
17052,1705,1060,3,153.00,459.00
17062,1706,1013,1,59.00,59.00
17072,1707,1026,2,100.00,200.00
17092,1709,1052,1,47.00,47.00
17102,1710,1005,2,88.00,176.00
17112,1711,1018,3,129.00,387.00
17132,1713,1044,2,76.00,152.00
17142,1714,1057,3,117.00,351.00
17152,1715,1010,1,143.00,143.00
17172,1717,1036,3,105.00,315.00
17182,1718,1049,1,131.00,131.00
17192,1719,1002,2,52.00,104.00
17212,1721,1028,1,119.00,119.00
17222,1722,1041,2,40.00,80.00
17232,1723,1054,3,81.00,243.00
17252,1725,1020,2,148.00,296.00
17262,1726,1033,3,69.00,207.00
17272,1727,1046,1,95.00,95.00
17292,1729,1012,3,57.00,171.00
17302,1730,1025,1,83.00,83.00
17312,1731,1038,2,124.00,248.00
17332,1733,1004,1,71.00,71.00
17342,1734,1017,2,112.00,224.00
17352,1735,1030,3,153.00,459.00
17372,1737,1056,2,100.00,200.00
17382,1738,1009,3,141.00,423.00
17392,1739,1022,1,47.00,47.00
17412,1741,1048,3,129.00,387.00
17422,1742,1001,1,35.00,35.00
17432,1743,1014,2,76.00,152.00
17452,1745,1040,1,143.00,143.00
17462,1746,1053,2,64.00,128.00
17472,1747,1006,3,105.00,315.00
17492,1749,1032,2,52.00,104.00
17502,1750,1045,3,93.00,279.00
17512,1751,1058,1,119.00,119.00
17532,1753,1024,3,81.00,243.00
17542,1754,1037,1,107.00,107.00
17552,1755,1050,2,148.00,296.00
17572,1757,1016,1,95.00,95.00
17582,1758,1029,2,136.00,272.00
17592,1759,1042,3,57.00,171.00
17612,1761,1008,2,124.00,248.00
17622,1762,1021,3,45.00,135.00
17632,1763,1034,1,71.00,71.00
17652,1765,1060,3,153.00,459.00
17662,1766,1013,1,59.00,59.00
17672,1767,1026,2,100.00,200.00
17692,1769,1052,1,47.00,47.00
17702,1770,1005,2,88.00,176.00
17712,1771,1018,3,129.00,387.00
17732,1773,1044,2,76.00,152.00
17742,1774,1057,3,117.00,351.00
17752,1775,1010,1,143.00,143.00
17772,1777,1036,3,105.00,315.00
17782,1778,1049,1,131.00,131.00
17792,1779,1002,2,52.00,104.00
17812,1781,1028,1,119.00,119.00
17822,1782,1041,2,40.00,80.00
17832,1783,1054,3,81.00,243.00
17852,1785,1020,2,148.00,296.00
17862,1786,1033,3,69.00,207.00
17872,1787,1046,1,95.00,95.00
17892,1789,1012,3,57.00,171.00
17902,1790,1025,1,83.00,83.00
17912,1791,1038,2,124.00,248.00
17932,1793,1004,1,71.00,71.00
17942,1794,1017,2,112.00,224.00
17952,1795,1030,3,153.00,459.00
17972,1797,1056,2,100.00,200.00
17982,1798,1009,3,141.00,423.00
17992,1799,1022,1,47.00,47.00
18012,1801,1048,3,129.00,387.00
18022,1802,1001,1,35.00,35.00
18032,1803,1014,2,76.00,152.00
18052,1805,1040,1,143.00,143.00
18062,1806,1053,2,64.00,128.00
18072,1807,1006,3,105.00,315.00
18092,1809,1032,2,52.00,104.00
18102,1810,1045,3,93.00,279.00
18112,1811,1058,1,119.00,119.00
18132,1813,1024,3,81.00,243.00
18142,1814,1037,1,107.00,107.00
18152,1815,1050,2,148.00,296.00
18172,1817,1016,1,95.00,95.00
18182,1818,1029,2,136.00,272.00
18192,1819,1042,3,57.00,171.00
18212,1821,1008,2,124.00,248.00
18222,1822,1021,3,45.00,135.00
18232,1823,1034,1,71.00,71.00
18252,1825,1060,3,153.00,459.00
18262,1826,1013,1,59.00,59.00
18272,1827,1026,2,100.00,200.00
18292,1829,1052,1,47.00,47.00
18302,1830,1005,2,88.00,176.00
18312,1831,1018,3,129.00,387.00
18332,1833,1044,2,76.00,152.00
18342,1834,1057,3,117.00,351.00
18352,1835,1010,1,143.00,143.00
18372,1837,1036,3,105.00,315.00
18382,1838,1049,1,131.00,131.00
18392,1839,1002,2,52.00,104.00
18412,1841,1028,1,119.00,119.00
18422,1842,1041,2,40.00,80.00
18432,1843,1054,3,81.00,243.00
18452,1845,1020,2,148.00,296.00
18462,1846,1033,3,69.00,207.00
18472,1847,1046,1,95.00,95.00
18492,1849,1012,3,57.00,171.00
18502,1850,1025,1,83.00,83.00
18512,1851,1038,2,124.00,248.00
18532,1853,1004,1,71.00,71.00
18542,1854,1017,2,112.00,224.00
18552,1855,1030,3,153.00,459.00
18572,1857,1056,2,100.00,200.00
18582,1858,1009,3,141.00,423.00
18592,1859,1022,1,47.00,47.00
18612,1861,1048,3,129.00,387.00
18622,1862,1001,1,35.00,35.00
18632,1863,1014,2,76.00,152.00
18652,1865,1040,1,143.00,143.00
18662,1866,1053,2,64.00,128.00
18672,1867,1006,3,105.00,315.00
18692,1869,1032,2,52.00,104.00
18702,1870,1045,3,93.00,279.00
18712,1871,1058,1,119.00,119.00
18732,1873,1024,3,81.00,243.00
18742,1874,1037,1,107.00,107.00
18752,1875,1050,2,148.00,296.00
18772,1877,1016,1,95.00,95.00
18782,1878,1029,2,136.00,272.00
18792,1879,1042,3,57.00,171.00
18812,1881,1008,2,124.00,248.00
18822,1882,1021,3,45.00,135.00
18832,1883,1034,1,71.00,71.00
18852,1885,1060,3,153.00,459.00
18862,1886,1013,1,59.00,59.00
18872,1887,1026,2,100.00,200.00
18892,1889,1052,1,47.00,47.00
18902,1890,1005,2,88.00,176.00
18912,1891,1018,3,129.00,387.00
18932,1893,1044,2,76.00,152.00
18942,1894,1057,3,117.00,351.00
18952,1895,1010,1,143.00,143.00
18972,1897,1036,3,105.00,315.00
18982,1898,1049,1,131.00,131.00
18992,1899,1002,2,52.00,104.00
19012,1901,1028,1,119.00,119.00
19022,1902,1041,2,40.00,80.00
19032,1903,1054,3,81.00,243.00
19052,1905,1020,2,148.00,296.00
19062,1906,1033,3,69.00,207.00
19072,1907,1046,1,95.00,95.00
19092,1909,1012,3,57.00,171.00
19102,1910,1025,1,83.00,83.00
19112,1911,1038,2,124.00,248.00
19132,1913,1004,1,71.00,71.00
19142,1914,1017,2,112.00,224.00
19152,1915,1030,3,153.00,459.00
19172,1917,1056,2,100.00,200.00
19182,1918,1009,3,141.00,423.00
19192,1919,1022,1,47.00,47.00
19212,1921,1048,3,129.00,387.00
19222,1922,1001,1,35.00,35.00
19232,1923,1014,2,76.00,152.00
19252,1925,1040,1,143.00,143.00
19262,1926,1053,2,64.00,128.00
19272,1927,1006,3,105.00,315.00
19292,1929,1032,2,52.00,104.00
19302,1930,1045,3,93.00,279.00
19312,1931,1058,1,119.00,119.00
19332,1933,1024,3,81.00,243.00
19342,1934,1037,1,107.00,107.00
19352,1935,1050,2,148.00,296.00
19372,1937,1016,1,95.00,95.00
19382,1938,1029,2,136.00,272.00
19392,1939,1042,3,57.00,171.00
19412,1941,1008,2,124.00,248.00
19422,1942,1021,3,45.00,135.00
19432,1943,1034,1,71.00,71.00
19452,1945,1060,3,153.00,459.00
19462,1946,1013,1,59.00,59.00
19472,1947,1026,2,100.00,200.00
19492,1949,1052,1,47.00,47.00
19502,1950,1005,2,88.00,176.00
19512,1951,1018,3,129.00,387.00
19532,1953,1044,2,76.00,152.00
19542,1954,1057,3,117.00,351.00
19552,1955,1010,1,143.00,143.00
19572,1957,1036,3,105.00,315.00
19582,1958,1049,1,131.00,131.00
19592,1959,1002,2,52.00,104.00
19612,1961,1028,1,119.00,119.00
19622,1962,1041,2,40.00,80.00
19632,1963,1054,3,81.00,243.00
19652,1965,1020,2,148.00,296.00
19662,1966,1033,3,69.00,207.00
19672,1967,1046,1,95.00,95.00
19692,1969,1012,3,57.00,171.00
19702,1970,1025,1,83.00,83.00
19712,1971,1038,2,124.00,248.00
19732,1973,1004,1,71.00,71.00
19742,1974,1017,2,112.00,224.00
19752,1975,1030,3,153.00,459.00
19772,1977,1056,2,100.00,200.00
19782,1978,1009,3,141.00,423.00
19792,1979,1022,1,47.00,47.00
19812,1981,1048,3,129.00,387.00
19822,1982,1001,1,35.00,35.00
19832,1983,1014,2,76.00,152.00
19852,1985,1040,1,143.00,143.00
19862,1986,1053,2,64.00,128.00
19872,1987,1006,3,105.00,315.00
19892,1989,1032,2,52.00,104.00
19902,1990,1045,3,93.00,279.00
19912,1991,1058,1,119.00,119.00
19932,1993,1024,3,81.00,243.00
19942,1994,1037,1,107.00,107.00
19952,1995,1050,2,148.00,296.00
19972,1997,1016,1,95.00,95.00
19982,1998,1029,2,136.00,272.00
19992,1999,1042,3,57.00,171.00
10013,1001,1035,2,88.00,176.00
10023,1002,1048,3,129.00,387.00
10053,1005,1027,3,117.00,351.00
10063,1006,1040,1,143.00,143.00
10093,1009,1019,1,131.00,131.00
10103,1010,1032,2,52.00,104.00
10133,1013,1011,2,40.00,80.00
10143,1014,1024,3,81.00,243.00
10173,1017,1003,3,69.00,207.00
10183,1018,1016,1,95.00,95.00
10213,1021,1055,1,83.00,83.00
10223,1022,1008,2,124.00,248.00
10253,1025,1047,2,112.00,224.00
10263,1026,1060,3,153.00,459.00
10293,1029,1039,3,141.00,423.00
10303,1030,1052,1,47.00,47.00
10333,1033,1031,1,35.00,35.00
10343,1034,1044,2,76.00,152.00
10373,1037,1023,2,64.00,128.00
10383,1038,1036,3,105.00,315.00
10413,1041,1015,3,93.00,279.00
10423,1042,1028,1,119.00,119.00
10453,1045,1007,1,107.00,107.00
10463,1046,1020,2,148.00,296.00
10493,1049,1059,2,136.00,272.00
10503,1050,1012,3,57.00,171.00
10533,1053,1051,3,45.00,135.00
10543,1054,1004,1,71.00,71.00
10573,1057,1043,1,59.00,59.00
10583,1058,1056,2,100.00,200.00
10613,1061,1035,2,88.00,176.00
10623,1062,1048,3,129.00,387.00
10653,1065,1027,3,117.00,351.00
10663,1066,1040,1,143.00,143.00
10693,1069,1019,1,131.00,131.00
10703,1070,1032,2,52.00,104.00
10733,1073,1011,2,40.00,80.00
10743,1074,1024,3,81.00,243.00
10773,1077,1003,3,69.00,207.00
10783,1078,1016,1,95.00,95.00
10813,1081,1055,1,83.00,83.00
10823,1082,1008,2,124.00,248.00
10853,1085,1047,2,112.00,224.00
10863,1086,1060,3,153.00,459.00
10893,1089,1039,3,141.00,423.00
10903,1090,1052,1,47.00,47.00
10933,1093,1031,1,35.00,35.00
10943,1094,1044,2,76.00,152.00
10973,1097,1023,2,64.00,128.00
10983,1098,1036,3,105.00,315.00
11013,1101,1015,3,93.00,279.00
11023,1102,1028,1,119.00,119.00
11053,1105,1007,1,107.00,107.00
11063,1106,1020,2,148.00,296.00
11093,1109,1059,2,136.00,272.00
11103,1110,1012,3,57.00,171.00
11133,1113,1051,3,45.00,135.00
11143,1114,1004,1,71.00,71.00
11173,1117,1043,1,59.00,59.00
11183,1118,1056,2,100.00,200.00
11213,1121,1035,2,88.00,176.00
11223,1122,1048,3,129.00,387.00
11253,1125,1027,3,117.00,351.00
11263,1126,1040,1,143.00,143.00
11293,1129,1019,1,131.00,131.00
11303,1130,1032,2,52.00,104.00
11333,1133,1011,2,40.00,80.00
11343,1134,1024,3,81.00,243.00
11373,1137,1003,3,69.00,207.00
11383,1138,1016,1,95.00,95.00
11413,1141,1055,1,83.00,83.00
11423,1142,1008,2,124.00,248.00
11453,1145,1047,2,112.00,224.00
11463,1146,1060,3,153.00,459.00
11493,1149,1039,3,141.00,423.00
11503,1150,1052,1,47.00,47.00
11533,1153,1031,1,35.00,35.00
11543,1154,1044,2,76.00,152.00
11573,1157,1023,2,64.00,128.00
11583,1158,1036,3,105.00,315.00
11613,1161,1015,3,93.00,279.00
11623,1162,1028,1,119.00,119.00
11653,1165,1007,1,107.00,107.00
11663,1166,1020,2,148.00,296.00
11693,1169,1059,2,136.00,272.00
11703,1170,1012,3,57.00,171.00
11733,1173,1051,3,45.00,135.00
11743,1174,1004,1,71.00,71.00
11773,1177,1043,1,59.00,59.00
11783,1178,1056,2,100.00,200.00
11813,1181,1035,2,88.00,176.00
11823,1182,1048,3,129.00,387.00
11853,1185,1027,3,117.00,351.00
11863,1186,1040,1,143.00,143.00
11893,1189,1019,1,131.00,131.00
11903,1190,1032,2,52.00,104.00
11933,1193,1011,2,40.00,80.00
11943,1194,1024,3,81.00,243.00
11973,1197,1003,3,69.00,207.00
11983,1198,1016,1,95.00,95.00
12013,1201,1055,1,83.00,83.00
12023,1202,1008,2,124.00,248.00
12053,1205,1047,2,112.00,224.00
12063,1206,1060,3,153.00,459.00
12093,1209,1039,3,141.00,423.00
12103,1210,1052,1,47.00,47.00
12133,1213,1031,1,35.00,35.00
12143,1214,1044,2,76.00,152.00
12173,1217,1023,2,64.00,128.00
12183,1218,1036,3,105.00,315.00
12213,1221,1015,3,93.00,279.00
12223,1222,1028,1,119.00,119.00
12253,1225,1007,1,107.00,107.00
12263,1226,1020,2,148.00,296.00
12293,1229,1059,2,136.00,272.00
12303,1230,1012,3,57.00,171.00
12333,1233,1051,3,45.00,135.00
12343,1234,1004,1,71.00,71.00
12373,1237,1043,1,59.00,59.00
12383,1238,1056,2,100.00,200.00
12413,1241,1035,2,88.00,176.00
12423,1242,1048,3,129.00,387.00
12453,1245,1027,3,117.00,351.00
12463,1246,1040,1,143.00,143.00
12493,1249,1019,1,131.00,131.00
12503,1250,1032,2,52.00,104.00
12533,1253,1011,2,40.00,80.00
12543,1254,1024,3,81.00,243.00
12573,1257,1003,3,69.00,207.00
12583,1258,1016,1,95.00,95.00
12613,1261,1055,1,83.00,83.00
12623,1262,1008,2,124.00,248.00
12653,1265,1047,2,112.00,224.00
12663,1266,1060,3,153.00,459.00
12693,1269,1039,3,141.00,423.00
12703,1270,1052,1,47.00,47.00
12733,1273,1031,1,35.00,35.00
12743,1274,1044,2,76.00,152.00
12773,1277,1023,2,64.00,128.00
12783,1278,1036,3,105.00,315.00
12813,1281,1015,3,93.00,279.00
12823,1282,1028,1,119.00,119.00
12853,1285,1007,1,107.00,107.00
12863,1286,1020,2,148.00,296.00
12893,1289,1059,2,136.00,272.00
12903,1290,1012,3,57.00,171.00
12933,1293,1051,3,45.00,135.00
12943,1294,1004,1,71.00,71.00
12973,1297,1043,1,59.00,59.00
12983,1298,1056,2,100.00,200.00
13013,1301,1035,2,88.00,176.00
13023,1302,1048,3,129.00,387.00
13053,1305,1027,3,117.00,351.00
13063,1306,1040,1,143.00,143.00
13093,1309,1019,1,131.00,131.00
13103,1310,1032,2,52.00,104.00
13133,1313,1011,2,40.00,80.00
13143,1314,1024,3,81.00,243.00
13173,1317,1003,3,69.00,207.00
13183,1318,1016,1,95.00,95.00
13213,1321,1055,1,83.00,83.00
13223,1322,1008,2,124.00,248.00
13253,1325,1047,2,112.00,224.00
13263,1326,1060,3,153.00,459.00
13293,1329,1039,3,141.00,423.00
13303,1330,1052,1,47.00,47.00
13333,1333,1031,1,35.00,35.00
13343,1334,1044,2,76.00,152.00
13373,1337,1023,2,64.00,128.00
13383,1338,1036,3,105.00,315.00
13413,1341,1015,3,93.00,279.00
13423,1342,1028,1,119.00,119.00
13453,1345,1007,1,107.00,107.00
13463,1346,1020,2,148.00,296.00
13493,1349,1059,2,136.00,272.00
13503,1350,1012,3,57.00,171.00
13533,1353,1051,3,45.00,135.00
13543,1354,1004,1,71.00,71.00
13573,1357,1043,1,59.00,59.00
13583,1358,1056,2,100.00,200.00
13613,1361,1035,2,88.00,176.00
13623,1362,1048,3,129.00,387.00
13653,1365,1027,3,117.00,351.00
13663,1366,1040,1,143.00,143.00
13693,1369,1019,1,131.00,131.00
13703,1370,1032,2,52.00,104.00
13733,1373,1011,2,40.00,80.00
13743,1374,1024,3,81.00,243.00
13773,1377,1003,3,69.00,207.00
13783,1378,1016,1,95.00,95.00
13813,1381,1055,1,83.00,83.00
13823,1382,1008,2,124.00,248.00
13853,1385,1047,2,112.00,224.00
13863,1386,1060,3,153.00,459.00
13893,1389,1039,3,141.00,423.00
13903,1390,1052,1,47.00,47.00
13933,1393,1031,1,35.00,35.00
13943,1394,1044,2,76.00,152.00
13973,1397,1023,2,64.00,128.00
13983,1398,1036,3,105.00,315.00
14013,1401,1015,3,93.00,279.00
14023,1402,1028,1,119.00,119.00
14053,1405,1007,1,107.00,107.00
14063,1406,1020,2,148.00,296.00
14093,1409,1059,2,136.00,272.00
14103,1410,1012,3,57.00,171.00
14133,1413,1051,3,45.00,135.00
14143,1414,1004,1,71.00,71.00
14173,1417,1043,1,59.00,59.00
14183,1418,1056,2,100.00,200.00
14213,1421,1035,2,88.00,176.00
14223,1422,1048,3,129.00,387.00
14253,1425,1027,3,117.00,351.00
14263,1426,1040,1,143.00,143.00
14293,1429,1019,1,131.00,131.00
14303,1430,1032,2,52.00,104.00
14333,1433,1011,2,40.00,80.00
14343,1434,1024,3,81.00,243.00
14373,1437,1003,3,69.00,207.00
14383,1438,1016,1,95.00,95.00
14413,1441,1055,1,83.00,83.00
14423,1442,1008,2,124.00,248.00
14453,1445,1047,2,112.00,224.00
14463,1446,1060,3,153.00,459.00
14493,1449,1039,3,141.00,423.00
14503,1450,1052,1,47.00,47.00
14533,1453,1031,1,35.00,35.00
14543,1454,1044,2,76.00,152.00
14573,1457,1023,2,64.00,128.00
14583,1458,1036,3,105.00,315.00
14613,1461,1015,3,93.00,279.00
14623,1462,1028,1,119.00,119.00
14653,1465,1007,1,107.00,107.00
14663,1466,1020,2,148.00,296.00
14693,1469,1059,2,136.00,272.00
14703,1470,1012,3,57.00,171.00
14733,1473,1051,3,45.00,135.00
14743,1474,1004,1,71.00,71.00
14773,1477,1043,1,59.00,59.00
14783,1478,1056,2,100.00,200.00
14813,1481,1035,2,88.00,176.00
14823,1482,1048,3,129.00,387.00
14853,1485,1027,3,117.00,351.00
14863,1486,1040,1,143.00,143.00
14893,1489,1019,1,131.00,131.00
14903,1490,1032,2,52.00,104.00
14933,1493,1011,2,40.00,80.00
14943,1494,1024,3,81.00,243.00
14973,1497,1003,3,69.00,207.00
14983,1498,1016,1,95.00,95.00
15013,1501,1055,1,83.00,83.00
15023,1502,1008,2,124.00,248.00
15053,1505,1047,2,112.00,224.00
15063,1506,1060,3,153.00,459.00
15093,1509,1039,3,141.00,423.00
15103,1510,1052,1,47.00,47.00
15133,1513,1031,1,35.00,35.00
15143,1514,1044,2,76.00,152.00
15173,1517,1023,2,64.00,128.00
15183,1518,1036,3,105.00,315.00
15213,1521,1015,3,93.00,279.00
15223,1522,1028,1,119.00,119.00
15253,1525,1007,1,107.00,107.00
15263,1526,1020,2,148.00,296.00
15293,1529,1059,2,136.00,272.00
15303,1530,1012,3,57.00,171.00
15333,1533,1051,3,45.00,135.00
15343,1534,1004,1,71.00,71.00
15373,1537,1043,1,59.00,59.00
15383,1538,1056,2,100.00,200.00
15413,1541,1035,2,88.00,176.00
15423,1542,1048,3,129.00,387.00
15453,1545,1027,3,117.00,351.00
15463,1546,1040,1,143.00,143.00
15493,1549,1019,1,131.00,131.00
15503,1550,1032,2,52.00,104.00
15533,1553,1011,2,40.00,80.00
15543,1554,1024,3,81.00,243.00
15573,1557,1003,3,69.00,207.00
15583,1558,1016,1,95.00,95.00
15613,1561,1055,1,83.00,83.00
15623,1562,1008,2,124.00,248.00
15653,1565,1047,2,112.00,224.00
15663,1566,1060,3,153.00,459.00
15693,1569,1039,3,141.00,423.00
15703,1570,1052,1,47.00,47.00
15733,1573,1031,1,35.00,35.00
15743,1574,1044,2,76.00,152.00
15773,1577,1023,2,64.00,128.00
15783,1578,1036,3,105.00,315.00
15813,1581,1015,3,93.00,279.00
15823,1582,1028,1,119.00,119.00
15853,1585,1007,1,107.00,107.00
15863,1586,1020,2,148.00,296.00
15893,1589,1059,2,136.00,272.00
15903,1590,1012,3,57.00,171.00
15933,1593,1051,3,45.00,135.00
15943,1594,1004,1,71.00,71.00
15973,1597,1043,1,59.00,59.00
15983,1598,1056,2,100.00,200.00
16013,1601,1035,2,88.00,176.00
16023,1602,1048,3,129.00,387.00
16053,1605,1027,3,117.00,351.00
16063,1606,1040,1,143.00,143.00
16093,1609,1019,1,131.00,131.00
16103,1610,1032,2,52.00,104.00
16133,1613,1011,2,40.00,80.00
16143,1614,1024,3,81.00,243.00
16173,1617,1003,3,69.00,207.00
16183,1618,1016,1,95.00,95.00
16213,1621,1055,1,83.00,83.00
16223,1622,1008,2,124.00,248.00
16253,1625,1047,2,112.00,224.00
16263,1626,1060,3,153.00,459.00
16293,1629,1039,3,141.00,423.00
16303,1630,1052,1,47.00,47.00
16333,1633,1031,1,35.00,35.00
16343,1634,1044,2,76.00,152.00
16373,1637,1023,2,64.00,128.00
16383,1638,1036,3,105.00,315.00
16413,1641,1015,3,93.00,279.00
16423,1642,1028,1,119.00,119.00
16453,1645,1007,1,107.00,107.00
16463,1646,1020,2,148.00,296.00
16493,1649,1059,2,136.00,272.00
16503,1650,1012,3,57.00,171.00
16533,1653,1051,3,45.00,135.00
16543,1654,1004,1,71.00,71.00
16573,1657,1043,1,59.00,59.00
16583,1658,1056,2,100.00,200.00
16613,1661,1035,2,88.00,176.00
16623,1662,1048,3,129.00,387.00
16653,1665,1027,3,117.00,351.00
16663,1666,1040,1,143.00,143.00
16693,1669,1019,1,131.00,131.00
16703,1670,1032,2,52.00,104.00
16733,1673,1011,2,40.00,80.00
16743,1674,1024,3,81.00,243.00
16773,1677,1003,3,69.00,207.00
16783,1678,1016,1,95.00,95.00
16813,1681,1055,1,83.00,83.00
16823,1682,1008,2,124.00,248.00
16853,1685,1047,2,112.00,224.00
16863,1686,1060,3,153.00,459.00
16893,1689,1039,3,141.00,423.00
16903,1690,1052,1,47.00,47.00
16933,1693,1031,1,35.00,35.00
16943,1694,1044,2,76.00,152.00
16973,1697,1023,2,64.00,128.00
16983,1698,1036,3,105.00,315.00
17013,1701,1015,3,93.00,279.00
17023,1702,1028,1,119.00,119.00
17053,1705,1007,1,107.00,107.00
17063,1706,1020,2,148.00,296.00
17093,1709,1059,2,136.00,272.00
17103,1710,1012,3,57.00,171.00
17133,1713,1051,3,45.00,135.00
17143,1714,1004,1,71.00,71.00
17173,1717,1043,1,59.00,59.00
17183,1718,1056,2,100.00,200.00
17213,1721,1035,2,88.00,176.00
17223,1722,1048,3,129.00,387.00
17253,1725,1027,3,117.00,351.00
17263,1726,1040,1,143.00,143.00
17293,1729,1019,1,131.00,131.00
17303,1730,1032,2,52.00,104.00
17333,1733,1011,2,40.00,80.00
17343,1734,1024,3,81.00,243.00
17373,1737,1003,3,69.00,207.00
17383,1738,1016,1,95.00,95.00
17413,1741,1055,1,83.00,83.00
17423,1742,1008,2,124.00,248.00
17453,1745,1047,2,112.00,224.00
17463,1746,1060,3,153.00,459.00
17493,1749,1039,3,141.00,423.00
17503,1750,1052,1,47.00,47.00
17533,1753,1031,1,35.00,35.00
17543,1754,1044,2,76.00,152.00
17573,1757,1023,2,64.00,128.00
17583,1758,1036,3,105.00,315.00
17613,1761,1015,3,93.00,279.00
17623,1762,1028,1,119.00,119.00
17653,1765,1007,1,107.00,107.00
17663,1766,1020,2,148.00,296.00
17693,1769,1059,2,136.00,272.00
17703,1770,1012,3,57.00,171.00
17733,1773,1051,3,45.00,135.00
17743,1774,1004,1,71.00,71.00
17773,1777,1043,1,59.00,59.00
17783,1778,1056,2,100.00,200.00
17813,1781,1035,2,88.00,176.00
17823,1782,1048,3,129.00,387.00
17853,1785,1027,3,117.00,351.00
17863,1786,1040,1,143.00,143.00
17893,1789,1019,1,131.00,131.00
17903,1790,1032,2,52.00,104.00
17933,1793,1011,2,40.00,80.00
17943,1794,1024,3,81.00,243.00
17973,1797,1003,3,69.00,207.00
17983,1798,1016,1,95.00,95.00
18013,1801,1055,1,83.00,83.00
18023,1802,1008,2,124.00,248.00
18053,1805,1047,2,112.00,224.00
18063,1806,1060,3,153.00,459.00
18093,1809,1039,3,141.00,423.00
18103,1810,1052,1,47.00,47.00
18133,1813,1031,1,35.00,35.00
18143,1814,1044,2,76.00,152.00
18173,1817,1023,2,64.00,128.00
18183,1818,1036,3,105.00,315.00
18213,1821,1015,3,93.00,279.00
18223,1822,1028,1,119.00,119.00
18253,1825,1007,1,107.00,107.00
18263,1826,1020,2,148.00,296.00
18293,1829,1059,2,136.00,272.00
18303,1830,1012,3,57.00,171.00
18333,1833,1051,3,45.00,135.00
18343,1834,1004,1,71.00,71.00
18373,1837,1043,1,59.00,59.00
18383,1838,1056,2,100.00,200.00
18413,1841,1035,2,88.00,176.00
18423,1842,1048,3,129.00,387.00
18453,1845,1027,3,117.00,351.00
18463,1846,1040,1,143.00,143.00
18493,1849,1019,1,131.00,131.00
18503,1850,1032,2,52.00,104.00
18533,1853,1011,2,40.00,80.00
18543,1854,1024,3,81.00,243.00
18573,1857,1003,3,69.00,207.00
18583,1858,1016,1,95.00,95.00
18613,1861,1055,1,83.00,83.00
18623,1862,1008,2,124.00,248.00
18653,1865,1047,2,112.00,224.00
18663,1866,1060,3,153.00,459.00
18693,1869,1039,3,141.00,423.00
18703,1870,1052,1,47.00,47.00
18733,1873,1031,1,35.00,35.00
18743,1874,1044,2,76.00,152.00
18773,1877,1023,2,64.00,128.00
18783,1878,1036,3,105.00,315.00
18813,1881,1015,3,93.00,279.00
18823,1882,1028,1,119.00,119.00
18853,1885,1007,1,107.00,107.00
18863,1886,1020,2,148.00,296.00
18893,1889,1059,2,136.00,272.00
18903,1890,1012,3,57.00,171.00
18933,1893,1051,3,45.00,135.00
18943,1894,1004,1,71.00,71.00
18973,1897,1043,1,59.00,59.00
18983,1898,1056,2,100.00,200.00
19013,1901,1035,2,88.00,176.00
19023,1902,1048,3,129.00,387.00
19053,1905,1027,3,117.00,351.00
19063,1906,1040,1,143.00,143.00
19093,1909,1019,1,131.00,131.00
19103,1910,1032,2,52.00,104.00
19133,1913,1011,2,40.00,80.00
19143,1914,1024,3,81.00,243.00
19173,1917,1003,3,69.00,207.00
19183,1918,1016,1,95.00,95.00
19213,1921,1055,1,83.00,83.00
19223,1922,1008,2,124.00,248.00
19253,1925,1047,2,112.00,224.00
19263,1926,1060,3,153.00,459.00
19293,1929,1039,3,141.00,423.00
19303,1930,1052,1,47.00,47.00
19333,1933,1031,1,35.00,35.00
19343,1934,1044,2,76.00,152.00
19373,1937,1023,2,64.00,128.00
19383,1938,1036,3,105.00,315.00
19413,1941,1015,3,93.00,279.00
19423,1942,1028,1,119.00,119.00
19453,1945,1007,1,107.00,107.00
19463,1946,1020,2,148.00,296.00
19493,1949,1059,2,136.00,272.00
19503,1950,1012,3,57.00,171.00
19533,1953,1051,3,45.00,135.00
19543,1954,1004,1,71.00,71.00
19573,1957,1043,1,59.00,59.00
19583,1958,1056,2,100.00,200.00
19613,1961,1035,2,88.00,176.00
19623,1962,1048,3,129.00,387.00
19653,1965,1027,3,117.00,351.00
19663,1966,1040,1,143.00,143.00
19693,1969,1019,1,131.00,131.00
19703,1970,1032,2,52.00,104.00
19733,1973,1011,2,40.00,80.00
19743,1974,1024,3,81.00,243.00
19773,1977,1003,3,69.00,207.00
19783,1978,1016,1,95.00,95.00
19813,1981,1055,1,83.00,83.00
19823,1982,1008,2,124.00,248.00
19853,1985,1047,2,112.00,224.00
19863,1986,1060,3,153.00,459.00
19893,1989,1039,3,141.00,423.00
19903,1990,1052,1,47.00,47.00
19933,1993,1031,1,35.00,35.00
19943,1994,1044,2,76.00,152.00
19973,1997,1023,2,64.00,128.00
19983,1998,1036,3,105.00,315.00
10014,1001,1042,3,57.00,171.00
10054,1005,1034,1,71.00,71.00
10094,1009,1026,2,100.00,200.00
10134,1013,1018,3,129.00,387.00
10174,1017,1010,1,143.00,143.00
10214,1021,1002,2,52.00,104.00
10254,1025,1054,3,81.00,243.00
10294,1029,1046,1,95.00,95.00
10334,1033,1038,2,124.00,248.00
10374,1037,1030,3,153.00,459.00
10414,1041,1022,1,47.00,47.00
10454,1045,1014,2,76.00,152.00
10494,1049,1006,3,105.00,315.00
10534,1053,1058,1,119.00,119.00
10574,1057,1050,2,148.00,296.00
10614,1061,1042,3,57.00,171.00
10654,1065,1034,1,71.00,71.00
10694,1069,1026,2,100.00,200.00
10734,1073,1018,3,129.00,387.00
10774,1077,1010,1,143.00,143.00
10814,1081,1002,2,52.00,104.00
10854,1085,1054,3,81.00,243.00
10894,1089,1046,1,95.00,95.00
10934,1093,1038,2,124.00,248.00
10974,1097,1030,3,153.00,459.00
11014,1101,1022,1,47.00,47.00
11054,1105,1014,2,76.00,152.00
11094,1109,1006,3,105.00,315.00
11134,1113,1058,1,119.00,119.00
11174,1117,1050,2,148.00,296.00
11214,1121,1042,3,57.00,171.00
11254,1125,1034,1,71.00,71.00
11294,1129,1026,2,100.00,200.00
11334,1133,1018,3,129.00,387.00
11374,1137,1010,1,143.00,143.00
11414,1141,1002,2,52.00,104.00
11454,1145,1054,3,81.00,243.00
11494,1149,1046,1,95.00,95.00
11534,1153,1038,2,124.00,248.00
11574,1157,1030,3,153.00,459.00
11614,1161,1022,1,47.00,47.00
11654,1165,1014,2,76.00,152.00
11694,1169,1006,3,105.00,315.00
11734,1173,1058,1,119.00,119.00
11774,1177,1050,2,148.00,296.00
11814,1181,1042,3,57.00,171.00
11854,1185,1034,1,71.00,71.00
11894,1189,1026,2,100.00,200.00
11934,1193,1018,3,129.00,387.00
11974,1197,1010,1,143.00,143.00
12014,1201,1002,2,52.00,104.00
12054,1205,1054,3,81.00,243.00
12094,1209,1046,1,95.00,95.00
12134,1213,1038,2,124.00,248.00
12174,1217,1030,3,153.00,459.00
12214,1221,1022,1,47.00,47.00
12254,1225,1014,2,76.00,152.00
12294,1229,1006,3,105.00,315.00
12334,1233,1058,1,119.00,119.00
12374,1237,1050,2,148.00,296.00
12414,1241,1042,3,57.00,171.00
12454,1245,1034,1,71.00,71.00
12494,1249,1026,2,100.00,200.00
12534,1253,1018,3,129.00,387.00
12574,1257,1010,1,143.00,143.00
12614,1261,1002,2,52.00,104.00
12654,1265,1054,3,81.00,243.00
12694,1269,1046,1,95.00,95.00
12734,1273,1038,2,124.00,248.00
12774,1277,1030,3,153.00,459.00
12814,1281,1022,1,47.00,47.00
12854,1285,1014,2,76.00,152.00
12894,1289,1006,3,105.00,315.00
12934,1293,1058,1,119.00,119.00
12974,1297,1050,2,148.00,296.00
13014,1301,1042,3,57.00,171.00
13054,1305,1034,1,71.00,71.00
13094,1309,1026,2,100.00,200.00
13134,1313,1018,3,129.00,387.00
13174,1317,1010,1,143.00,143.00
13214,1321,1002,2,52.00,104.00
13254,1325,1054,3,81.00,243.00
13294,1329,1046,1,95.00,95.00
13334,1333,1038,2,124.00,248.00
13374,1337,1030,3,153.00,459.00
13414,1341,1022,1,47.00,47.00
13454,1345,1014,2,76.00,152.00
13494,1349,1006,3,105.00,315.00
13534,1353,1058,1,119.00,119.00
13574,1357,1050,2,148.00,296.00
13614,1361,1042,3,57.00,171.00
13654,1365,1034,1,71.00,71.00
13694,1369,1026,2,100.00,200.00
13734,1373,1018,3,129.00,387.00
13774,1377,1010,1,143.00,143.00
13814,1381,1002,2,52.00,104.00
13854,1385,1054,3,81.00,243.00
13894,1389,1046,1,95.00,95.00
13934,1393,1038,2,124.00,248.00
13974,1397,1030,3,153.00,459.00
14014,1401,1022,1,47.00,47.00
14054,1405,1014,2,76.00,152.00
14094,1409,1006,3,105.00,315.00
14134,1413,1058,1,119.00,119.00
14174,1417,1050,2,148.00,296.00
14214,1421,1042,3,57.00,171.00
14254,1425,1034,1,71.00,71.00
14294,1429,1026,2,100.00,200.00
14334,1433,1018,3,129.00,387.00
14374,1437,1010,1,143.00,143.00
14414,1441,1002,2,52.00,104.00
14454,1445,1054,3,81.00,243.00
14494,1449,1046,1,95.00,95.00
14534,1453,1038,2,124.00,248.00
14574,1457,1030,3,153.00,459.00
14614,1461,1022,1,47.00,47.00
14654,1465,1014,2,76.00,152.00
14694,1469,1006,3,105.00,315.00
14734,1473,1058,1,119.00,119.00
14774,1477,1050,2,148.00,296.00
14814,1481,1042,3,57.00,171.00
14854,1485,1034,1,71.00,71.00
14894,1489,1026,2,100.00,200.00
14934,1493,1018,3,129.00,387.00
14974,1497,1010,1,143.00,143.00
15014,1501,1002,2,52.00,104.00
15054,1505,1054,3,81.00,243.00
15094,1509,1046,1,95.00,95.00
15134,1513,1038,2,124.00,248.00
15174,1517,1030,3,153.00,459.00
15214,1521,1022,1,47.00,47.00
15254,1525,1014,2,76.00,152.00
15294,1529,1006,3,105.00,315.00
15334,1533,1058,1,119.00,119.00
15374,1537,1050,2,148.00,296.00
15414,1541,1042,3,57.00,171.00
15454,1545,1034,1,71.00,71.00
15494,1549,1026,2,100.00,200.00
15534,1553,1018,3,129.00,387.00
15574,1557,1010,1,143.00,143.00
15614,1561,1002,2,52.00,104.00
15654,1565,1054,3,81.00,243.00
15694,1569,1046,1,95.00,95.00
15734,1573,1038,2,124.00,248.00
15774,1577,1030,3,153.00,459.00
15814,1581,1022,1,47.00,47.00
15854,1585,1014,2,76.00,152.00
15894,1589,1006,3,105.00,315.00
15934,1593,1058,1,119.00,119.00
15974,1597,1050,2,148.00,296.00
16014,1601,1042,3,57.00,171.00
16054,1605,1034,1,71.00,71.00
16094,1609,1026,2,100.00,200.00
16134,1613,1018,3,129.00,387.00
16174,1617,1010,1,143.00,143.00
16214,1621,1002,2,52.00,104.00
16254,1625,1054,3,81.00,243.00
16294,1629,1046,1,95.00,95.00
16334,1633,1038,2,124.00,248.00
16374,1637,1030,3,153.00,459.00
16414,1641,1022,1,47.00,47.00
16454,1645,1014,2,76.00,152.00
16494,1649,1006,3,105.00,315.00
16534,1653,1058,1,119.00,119.00
16574,1657,1050,2,148.00,296.00
16614,1661,1042,3,57.00,171.00
16654,1665,1034,1,71.00,71.00
16694,1669,1026,2,100.00,200.00
16734,1673,1018,3,129.00,387.00
16774,1677,1010,1,143.00,143.00
16814,1681,1002,2,52.00,104.00
16854,1685,1054,3,81.00,243.00
16894,1689,1046,1,95.00,95.00
16934,1693,1038,2,124.00,248.00
16974,1697,1030,3,153.00,459.00
17014,1701,1022,1,47.00,47.00
17054,1705,1014,2,76.00,152.00
17094,1709,1006,3,105.00,315.00
17134,1713,1058,1,119.00,119.00
17174,1717,1050,2,148.00,296.00
17214,1721,1042,3,57.00,171.00
17254,1725,1034,1,71.00,71.00
17294,1729,1026,2,100.00,200.00
17334,1733,1018,3,129.00,387.00
17374,1737,1010,1,143.00,143.00
17414,1741,1002,2,52.00,104.00
17454,1745,1054,3,81.00,243.00
17494,1749,1046,1,95.00,95.00
17534,1753,1038,2,124.00,248.00
17574,1757,1030,3,153.00,459.00
17614,1761,1022,1,47.00,47.00
17654,1765,1014,2,76.00,152.00
17694,1769,1006,3,105.00,315.00
17734,1773,1058,1,119.00,119.00
17774,1777,1050,2,148.00,296.00
17814,1781,1042,3,57.00,171.00
17854,1785,1034,1,71.00,71.00
17894,1789,1026,2,100.00,200.00
17934,1793,1018,3,129.00,387.00
17974,1797,1010,1,143.00,143.00
18014,1801,1002,2,52.00,104.00
18054,1805,1054,3,81.00,243.00
18094,1809,1046,1,95.00,95.00
18134,1813,1038,2,124.00,248.00
18174,1817,1030,3,153.00,459.00
18214,1821,1022,1,47.00,47.00
18254,1825,1014,2,76.00,152.00
18294,1829,1006,3,105.00,315.00
18334,1833,1058,1,119.00,119.00
18374,1837,1050,2,148.00,296.00
18414,1841,1042,3,57.00,171.00
18454,1845,1034,1,71.00,71.00
18494,1849,1026,2,100.00,200.00
18534,1853,1018,3,129.00,387.00
18574,1857,1010,1,143.00,143.00
18614,1861,1002,2,52.00,104.00
18654,1865,1054,3,81.00,243.00
18694,1869,1046,1,95.00,95.00
18734,1873,1038,2,124.00,248.00
18774,1877,1030,3,153.00,459.00
18814,1881,1022,1,47.00,47.00
18854,1885,1014,2,76.00,152.00
18894,1889,1006,3,105.00,315.00
18934,1893,1058,1,119.00,119.00
18974,1897,1050,2,148.00,296.00
19014,1901,1042,3,57.00,171.00
19054,1905,1034,1,71.00,71.00
19094,1909,1026,2,100.00,200.00
19134,1913,1018,3,129.00,387.00
19174,1917,1010,1,143.00,143.00
19214,1921,1002,2,52.00,104.00
19254,1925,1054,3,81.00,243.00
19294,1929,1046,1,95.00,95.00
19334,1933,1038,2,124.00,248.00
19374,1937,1030,3,153.00,459.00
19414,1941,1022,1,47.00,47.00
19454,1945,1014,2,76.00,152.00
19494,1949,1006,3,105.00,315.00
19534,1953,1058,1,119.00,119.00
19574,1957,1050,2,148.00,296.00
19614,1961,1042,3,57.00,171.00
19654,1965,1034,1,71.00,71.00
19694,1969,1026,2,100.00,200.00
19734,1973,1018,3,129.00,387.00
19774,1977,1010,1,143.00,143.00
19814,1981,1002,2,52.00,104.00
19854,1985,1054,3,81.00,243.00
19894,1989,1046,1,95.00,95.00
19934,1993,1038,2,124.00,248.00
19974,1997,1030,3,153.00,459.00
