order_id,customer_id,store_id,order_date,order_amount,order_status
1001,1,101,2024-01-01,601.00,cancelled
1002,2,102,2024-01-02,538.00,completed
1003,3,103,2024-01-03,467.00,completed
1004,4,104,2024-01-04,459.00,completed
1005,5,105,2024-01-05,777.00,completed
1006,6,106,2024-01-06,550.00,completed
1007,7,107,2024-01-07,518.00,pending
1008,8,108,2024-01-08,47.00,completed
1009,9,109,2024-01-09,678.00,completed
1010,10,110,2024-01-10,574.00,completed
1011,11,111,2024-01-11,283.00,completed
1012,12,112,2024-01-12,152.00,completed
1013,13,101,2024-01-13,889.00,completed
1014,14,102,2024-01-14,610.00,pending
1015,15,103,2024-01-15,587.00,completed
1016,16,104,2024-01-16,315.00,completed
1017,17,105,2024-01-17,681.00,cancelled
1018,18,106,2024-01-18,622.00,cancelled
1019,19,107,2024-01-19,326.00,completed
1020,20,108,2024-01-20,119.00,completed
1021,21,109,2024-01-21,654.00,pending
1022,22,110,2024-01-22,526.00,completed
1023,23,111,2024-01-23,259.00,completed
1024,24,112,2024-01-24,296.00,completed
1025,25,101,2024-01-25,817.00,completed
1026,26,102,2024-01-26,682.00,completed
1027,27,103,2024-01-27,587.00,completed
1028,28,104,2024-01-28,171.00,pending
1029,29,105,2024-01-29,705.00,completed
1030,30,106,2024-01-30,574.00,completed
1031,31,107,2024-01-31,254.00,completed
1032,32,108,2024-02-01,71.00,completed
1033,33,109,2024-02-02,750.00,completed
1034,34,110,2024-02-03,718.00,cancelled
1035,35,111,2024-02-04,355.00,cancelled
1036,36,112,2024-02-05,200.00,completed
1037,37,101,2024-02-06,1105.00,completed
1038,38,102,2024-02-07,634.00,completed
1039,39,103,2024-02-08,347.00,completed
1040,40,104,2024-02-09,387.00,completed
1041,41,105,2024-02-10,609.00,completed
1042,42,106,2024-02-11,406.00,pending
1043,43,107,2024-02-12,422.00,completed
1044,44,108,2024-02-13,143.00,completed
1045,45,109,2024-02-14,846.00,completed
1046,46,110,2024-02-15,670.00,completed
1047,47,111,2024-02-16,331.00,completed
1048,48,112,2024-02-17,104.00,completed
1049,49,101,2024-02-18,913.00,pending
1050,50,102,2024-02-19,466.00,completed
1051,51,103,2024-02-20,467.00,cancelled
1052,52,104,2024-02-21,243.00,cancelled
1053,53,105,2024-02-22,513.00,completed
1054,54,106,2024-02-23,718.00,completed
1055,55,107,2024-02-24,350.00,completed
1056,56,108,2024-02-25,95.00,pending
1057,57,109,2024-02-26,942.00,completed
1058,58,110,2024-02-27,502.00,completed
1059,59,111,2024-02-28,187.00,completed
1060,60,112,2024-02-29,248.00,completed
1061,61,101,2024-03-01,601.00,completed
1062,62,102,2024-03-02,538.00,completed
1063,63,103,2024-03-03,467.00,pending
1064,64,104,2024-03-04,459.00,completed
1065,65,105,2024-03-05,777.00,completed
1066,66,106,2024-03-06,550.00,completed
1067,67,107,2024-03-07,518.00,completed
1068,68,108,2024-03-08,47.00,cancelled
1069,69,109,2024-03-09,678.00,cancelled
1070,70,110,2024-03-10,574.00,pending
1071,71,111,2024-03-11,283.00,completed
1072,72,112,2024-03-12,152.00,completed
1073,73,101,2024-03-13,889.00,completed
1074,74,102,2024-03-14,610.00,completed
1075,75,103,2024-03-15,587.00,completed
1076,76,104,2024-03-16,315.00,completed
1077,77,105,2024-03-17,681.00,pending
1078,78,106,2024-03-18,622.00,completed
1079,79,107,2024-03-19,326.00,completed
1080,80,108,2024-03-20,119.00,completed
1081,81,109,2024-03-21,654.00,completed
1082,82,110,2024-03-22,526.00,completed
1083,83,111,2024-03-23,259.00,completed
1084,84,112,2024-03-24,296.00,pending
1085,85,101,2024-03-25,817.00,cancelled
1086,86,102,2024-03-26,682.00,cancelled
1087,87,103,2024-03-27,587.00,completed
1088,88,104,2024-03-28,171.00,completed
1089,89,105,2024-03-29,705.00,completed
1090,90,106,2024-03-30,574.00,completed
1091,91,107,2024-03-31,254.00,pending
1092,92,108,2024-04-01,71.00,completed
1093,93,109,2024-04-02,750.00,completed
1094,94,110,2024-04-03,718.00,completed
1095,95,111,2024-04-04,355.00,completed
1096,96,112,2024-04-05,200.00,completed
1097,97,101,2024-04-06,1105.00,completed
1098,98,102,2024-04-07,634.00,pending
1099,99,103,2024-04-08,347.00,completed
1100,100,104,2024-04-09,387.00,completed
1101,101,105,2024-04-10,609.00,completed
1102,102,106,2024-04-11,406.00,cancelled
1103,103,107,2024-04-12,422.00,cancelled
1104,104,108,2024-04-13,143.00,completed
1105,105,109,2024-04-14,846.00,pending
1106,106,110,2024-04-15,670.00,completed
1107,107,111,2024-04-16,331.00,completed
1108,108,112,2024-04-17,104.00,completed
1109,109,101,2024-04-18,913.00,completed
1110,110,102,2024-04-19,466.00,completed
1111,111,103,2024-04-20,467.00,completed
1112,112,104,2024-04-21,243.00,pending
1113,113,105,2024-04-22,513.00,completed
1114,114,106,2024-04-23,718.00,completed
1115,115,107,2024-04-24,350.00,completed
1116,116,108,2024-04-25,95.00,completed
1117,117,109,2024-04-26,942.00,completed
1118,118,110,2024-04-27,502.00,completed
1119,119,111,2024-04-28,187.00,cancelled
1120,120,112,2024-04-29,248.00,cancelled
1121,1,101,2024-01-01,601.00,completed
1122,2,102,2024-01-02,538.00,completed
1123,3,103,2024-01-03,467.00,completed
1124,4,104,2024-01-04,459.00,completed
1125,5,105,2024-01-05,777.00,completed
1126,6,106,2024-01-06,550.00,pending
1127,7,107,2024-01-07,518.00,completed
1128,8,108,2024-01-08,47.00,completed
1129,9,109,2024-01-09,678.00,completed
1130,10,110,2024-01-10,574.00,completed
1131,11,111,2024-01-11,283.00,completed
1132,12,112,2024-01-12,152.00,completed
1133,13,101,2024-01-13,889.00,pending
1134,14,102,2024-01-14,610.00,completed
1135,15,103,2024-01-15,587.00,completed
1136,16,104,2024-01-16,315.00,cancelled
1137,17,105,2024-01-17,681.00,cancelled
1138,18,106,2024-01-18,622.00,completed
1139,19,107,2024-01-19,326.00,completed
1140,20,108,2024-01-20,119.00,pending
1141,21,109,2024-01-21,654.00,completed
1142,22,110,2024-01-22,526.00,completed
1143,23,111,2024-01-23,259.00,completed
1144,24,112,2024-01-24,296.00,completed
1145,25,101,2024-01-25,817.00,completed
1146,26,102,2024-01-26,682.00,completed
1147,27,103,2024-01-27,587.00,pending
1148,28,104,2024-01-28,171.00,completed
1149,29,105,2024-01-29,705.00,completed
1150,30,106,2024-01-30,574.00,completed
1151,31,107,2024-01-31,254.00,completed
1152,32,108,2024-02-01,71.00,completed
1153,33,109,2024-02-02,750.00,cancelled
1154,34,110,2024-02-03,718.00,cancelled
1155,35,111,2024-02-04,355.00,completed
1156,36,112,2024-02-05,200.00,completed
1157,37,101,2024-02-06,1105.00,completed
1158,38,102,2024-02-07,634.00,completed
1159,39,103,2024-02-08,347.00,completed
1160,40,104,2024-02-09,387.00,completed
1161,41,105,2024-02-10,609.00,pending
1162,42,106,2024-02-11,406.00,completed
1163,43,107,2024-02-12,422.00,completed
1164,44,108,2024-02-13,143.00,completed
1165,45,109,2024-02-14,846.00,completed
1166,46,110,2024-02-15,670.00,completed
1167,47,111,2024-02-16,331.00,completed
1168,48,112,2024-02-17,104.00,pending
1169,49,101,2024-02-18,913.00,completed
1170,50,102,2024-02-19,466.00,cancelled
1171,51,103,2024-02-20,467.00,cancelled
1172,52,104,2024-02-21,243.00,completed
1173,53,105,2024-02-22,513.00,completed
1174,54,106,2024-02-23,718.00,completed
1175,55,107,2024-02-24,350.00,pending
1176,56,108,2024-02-25,95.00,completed
1177,57,109,2024-02-26,942.00,completed
1178,58,110,2024-02-27,502.00,completed
1179,59,111,2024-02-28,187.00,completed
1180,60,112,2024-02-29,248.00,completed
1181,61,101,2024-03-01,601.00,completed
1182,62,102,2024-03-02,538.00,pending
1183,63,103,2024-03-03,467.00,completed
1184,64,104,2024-03-04,459.00,completed
1185,65,105,2024-03-05,777.00,completed
1186,66,106,2024-03-06,550.00,completed
1187,67,107,2024-03-07,518.00,cancelled
1188,68,108,2024-03-08,47.00,cancelled
1189,69,109,2024-03-09,678.00,pending
1190,70,110,2024-03-10,574.00,completed
1191,71,111,2024-03-11,283.00,completed
1192,72,112,2024-03-12,152.00,completed
1193,73,101,2024-03-13,889.00,completed
1194,74,102,2024-03-14,610.00,completed
1195,75,103,2024-03-15,587.00,completed
1196,76,104,2024-03-16,315.00,pending
1197,77,105,2024-03-17,681.00,completed
1198,78,106,2024-03-18,622.00,completed
1199,79,107,2024-03-19,326.00,completed
1200,80,108,2024-03-20,119.00,completed
1201,81,109,2024-03-21,654.00,completed
1202,82,110,2024-03-22,526.00,completed
1203,83,111,2024-03-23,259.00,pending
1204,84,112,2024-03-24,296.00,cancelled
1205,85,101,2024-03-25,817.00,cancelled
1206,86,102,2024-03-26,682.00,completed
1207,87,103,2024-03-27,587.00,completed
1208,88,104,2024-03-28,171.00,completed
1209,89,105,2024-03-29,705.00,completed
1210,90,106,2024-03-30,574.00,pending
1211,91,107,2024-03-31,254.00,completed
1212,92,108,2024-04-01,71.00,completed
1213,93,109,2024-04-02,750.00,completed
1214,94,110,2024-04-03,718.00,completed
1215,95,111,2024-04-04,355.00,completed
1216,96,112,2024-04-05,200.00,completed
1217,97,101,2024-04-06,1105.00,pending
1218,98,102,2024-04-07,634.00,completed
1219,99,103,2024-04-08,347.00,completed
1220,100,104,2024-04-09,387.00,completed
1221,101,105,2024-04-10,609.00,cancelled
1222,102,106,2024-04-11,406.00,cancelled
1223,103,107,2024-04-12,422.00,completed
1224,104,108,2024-04-13,143.00,pending
1225,105,109,2024-04-14,846.00,completed
1226,106,110,2024-04-15,670.00,completed
1227,107,111,2024-04-16,331.00,completed
1228,108,112,2024-04-17,104.00,completed
1229,109,101,2024-04-18,913.00,completed
1230,110,102,2024-04-19,466.00,completed
1231,111,103,2024-04-20,467.00,pending
1232,112,104,2024-04-21,243.00,completed
1233,113,105,2024-04-22,513.00,completed
1234,114,106,2024-04-23,718.00,completed
1235,115,107,2024-04-24,350.00,completed
1236,116,108,2024-04-25,95.00,completed
1237,117,109,2024-04-26,942.00,completed
1238,118,110,2024-04-27,502.00,cancelled
1239,119,111,2024-04-28,187.00,cancelled
1240,120,112,2024-04-29,248.00,completed
1241,1,101,2024-01-01,601.00,completed
1242,2,102,2024-01-02,538.00,completed
1243,3,103,2024-01-03,467.00,completed
1244,4,104,2024-01-04,459.00,completed
1245,5,105,2024-01-05,777.00,pending
1246,6,106,2024-01-06,550.00,completed
1247,7,107,2024-01-07,518.00,completed
1248,8,108,2024-01-08,47.00,completed
1249,9,109,2024-01-09,678.00,completed
1250,10,110,2024-01-10,574.00,completed
1251,11,111,2024-01-11,283.00,completed
1252,12,112,2024-01-12,152.00,pending
1253,13,101,2024-01-13,889.00,completed
1254,14,102,2024-01-14,610.00,completed
1255,15,103,2024-01-15,587.00,cancelled
1256,16,104,2024-01-16,315.00,cancelled
1257,17,105,2024-01-17,681.00,completed
1258,18,106,2024-01-18,622.00,completed
1259,19,107,2024-01-19,326.00,pending
1260,20,108,2024-01-20,119.00,completed
1261,21,109,2024-01-21,654.00,completed
1262,22,110,2024-01-22,526.00,completed
1263,23,111,2024-01-23,259.00,completed
1264,24,112,2024-01-24,296.00,completed
1265,25,101,2024-01-25,817.00,completed
1266,26,102,2024-01-26,682.00,pending
1267,27,103,2024-01-27,587.00,completed
1268,28,104,2024-01-28,171.00,completed
1269,29,105,2024-01-29,705.00,completed
1270,30,106,2024-01-30,574.00,completed
1271,31,107,2024-01-31,254.00,completed
1272,32,108,2024-02-01,71.00,cancelled
1273,33,109,2024-02-02,750.00,cancelled
1274,34,110,2024-02-03,718.00,completed
1275,35,111,2024-02-04,355.00,completed
1276,36,112,2024-02-05,200.00,completed
1277,37,101,2024-02-06,1105.00,completed
1278,38,102,2024-02-07,634.00,completed
1279,39,103,2024-02-08,347.00,completed
1280,40,104,2024-02-09,387.00,pending
1281,41,105,2024-02-10,609.00,completed
1282,42,106,2024-02-11,406.00,completed
1283,43,107,2024-02-12,422.00,completed
1284,44,108,2024-02-13,143.00,completed
1285,45,109,2024-02-14,846.00,completed
1286,46,110,2024-02-15,670.00,completed
1287,47,111,2024-02-16,331.00,pending
1288,48,112,2024-02-17,104.00,completed
1289,49,101,2024-02-18,913.00,cancelled
1290,50,102,2024-02-19,466.00,cancelled
1291,51,103,2024-02-20,467.00,completed
1292,52,104,2024-02-21,243.00,completed
1293,53,105,2024-02-22,513.00,completed
1294,54,106,2024-02-23,718.00,pending
1295,55,107,2024-02-24,350.00,completed
1296,56,108,2024-02-25,95.00,completed
1297,57,109,2024-02-26,942.00,completed
1298,58,110,2024-02-27,502.00,completed
1299,59,111,2024-02-28,187.00,completed
1300,60,112,2024-02-29,248.00,completed
1301,61,101,2024-03-01,601.00,pending
1302,62,102,2024-03-02,538.00,completed
1303,63,103,2024-03-03,467.00,completed
1304,64,104,2024-03-04,459.00,completed
1305,65,105,2024-03-05,777.00,completed
1306,66,106,2024-03-06,550.00,cancelled
1307,67,107,2024-03-07,518.00,cancelled
1308,68,108,2024-03-08,47.00,pending
1309,69,109,2024-03-09,678.00,completed
1310,70,110,2024-03-10,574.00,completed
1311,71,111,2024-03-11,283.00,completed
1312,72,112,2024-03-12,152.00,completed
1313,73,101,2024-03-13,889.00,completed
1314,74,102,2024-03-14,610.00,completed
1315,75,103,2024-03-15,587.00,pending
1316,76,104,2024-03-16,315.00,completed
1317,77,105,2024-03-17,681.00,completed
1318,78,106,2024-03-18,622.00,completed
1319,79,107,2024-03-19,326.00,completed
1320,80,108,2024-03-20,119.00,completed
1321,81,109,2024-03-21,654.00,completed
1322,82,110,2024-03-22,526.00,pending
1323,83,111,2024-03-23,259.00,cancelled
1324,84,112,2024-03-24,296.00,cancelled
1325,85,101,2024-03-25,817.00,completed
1326,86,102,2024-03-26,682.00,completed
1327,87,103,2024-03-27,587.00,completed
1328,88,104,2024-03-28,171.00,completed
1329,89,105,2024-03-29,705.00,pending
1330,90,106,2024-03-30,574.00,completed
1331,91,107,2024-03-31,254.00,completed
1332,92,108,2024-04-01,71.00,completed
1333,93,109,2024-04-02,750.00,completed
1334,94,110,2024-04-03,718.00,completed
1335,95,111,2024-04-04,355.00,completed
1336,96,112,2024-04-05,200.00,pending
1337,97,101,2024-04-06,1105.00,completed
1338,98,102,2024-04-07,634.00,completed
1339,99,103,2024-04-08,347.00,completed
1340,100,104,2024-04-09,387.00,cancelled
1341,101,105,2024-04-10,609.00,cancelled
1342,102,106,2024-04-11,406.00,completed
1343,103,107,2024-04-12,422.00,pending
1344,104,108,2024-04-13,143.00,completed
1345,105,109,2024-04-14,846.00,completed
1346,106,110,2024-04-15,670.00,completed
1347,107,111,2024-04-16,331.00,completed
1348,108,112,2024-04-17,104.00,completed
1349,109,101,2024-04-18,913.00,completed
1350,110,102,2024-04-19,466.00,pending
1351,111,103,2024-04-20,467.00,completed
1352,112,104,2024-04-21,243.00,completed
1353,113,105,2024-04-22,513.00,completed
1354,114,106,2024-04-23,718.00,completed
1355,115,107,2024-04-24,350.00,completed
1356,116,108,2024-04-25,95.00,completed
1357,117,109,2024-04-26,942.00,cancelled
1358,118,110,2024-04-27,502.00,cancelled
1359,119,111,2024-04-28,187.00,completed
1360,120,112,2024-04-29,248.00,completed
1361,1,101,2024-01-01,601.00,completed
1362,2,102,2024-01-02,538.00,completed
1363,3,103,2024-01-03,467.00,completed
1364,4,104,2024-01-04,459.00,pending
1365,5,105,2024-01-05,777.00,completed
1366,6,106,2024-01-06,550.00,completed
1367,7,107,2024-01-07,518.00,completed
1368,8,108,2024-01-08,47.00,completed
1369,9,109,2024-01-09,678.00,completed
1370,10,110,2024-01-10,574.00,completed
1371,11,111,2024-01-11,283.00,pending
1372,12,112,2024-01-12,152.00,completed
1373,13,101,2024-01-13,889.00,completed
1374,14,102,2024-01-14,610.00,cancelled
1375,15,103,2024-01-15,587.00,cancelled
1376,16,104,2024-01-16,315.00,completed
1377,17,105,2024-01-17,681.00,completed
1378,18,106,2024-01-18,622.00,pending
1379,19,107,2024-01-19,326.00,completed
1380,20,108,2024-01-20,119.00,completed
1381,21,109,2024-01-21,654.00,completed
1382,22,110,2024-01-22,526.00,completed
1383,23,111,2024-01-23,259.00,completed
1384,24,112,2024-01-24,296.00,completed
1385,25,101,2024-01-25,817.00,pending
1386,26,102,2024-01-26,682.00,completed
1387,27,103,2024-01-27,587.00,completed
1388,28,104,2024-01-28,171.00,completed
1389,29,105,2024-01-29,705.00,completed
1390,30,106,2024-01-30,574.00,completed
1391,31,107,2024-01-31,254.00,cancelled
1392,32,108,2024-02-01,71.00,cancelled
1393,33,109,2024-02-02,750.00,completed
1394,34,110,2024-02-03,718.00,completed
1395,35,111,2024-02-04,355.00,completed
1396,36,112,2024-02-05,200.00,completed
1397,37,101,2024-02-06,1105.00,completed
1398,38,102,2024-02-07,634.00,completed
1399,39,103,2024-02-08,347.00,pending
1400,40,104,2024-02-09,387.00,completed
1401,41,105,2024-02-10,609.00,completed
1402,42,106,2024-02-11,406.00,completed
1403,43,107,2024-02-12,422.00,completed
1404,44,108,2024-02-13,143.00,completed
1405,45,109,2024-02-14,846.00,completed
1406,46,110,2024-02-15,670.00,pending
1407,47,111,2024-02-16,331.00,completed
1408,48,112,2024-02-17,104.00,cancelled
1409,49,101,2024-02-18,913.00,cancelled
1410,50,102,2024-02-19,466.00,completed
1411,51,103,2024-02-20,467.00,completed
1412,52,104,2024-02-21,243.00,completed
1413,53,105,2024-02-22,513.00,pending
1414,54,106,2024-02-23,718.00,completed
1415,55,107,2024-02-24,350.00,completed
1416,56,108,2024-02-25,95.00,completed
1417,57,109,2024-02-26,942.00,completed
1418,58,110,2024-02-27,502.00,completed
1419,59,111,2024-02-28,187.00,completed
1420,60,112,2024-02-29,248.00,pending
1421,61,101,2024-03-01,601.00,completed
1422,62,102,2024-03-02,538.00,completed
1423,63,103,2024-03-03,467.00,completed
1424,64,104,2024-03-04,459.00,completed
1425,65,105,2024-03-05,777.00,cancelled
1426,66,106,2024-03-06,550.00,cancelled
1427,67,107,2024-03-07,518.00,pending
1428,68,108,2024-03-08,47.00,completed
1429,69,109,2024-03-09,678.00,completed
1430,70,110,2024-03-10,574.00,completed
1431,71,111,2024-03-11,283.00,completed
1432,72,112,2024-03-12,152.00,completed
1433,73,101,2024-03-13,889.00,completed
1434,74,102,2024-03-14,610.00,pending
1435,75,103,2024-03-15,587.00,completed
1436,76,104,2024-03-16,315.00,completed
1437,77,105,2024-03-17,681.00,completed
1438,78,106,2024-03-18,622.00,completed
1439,79,107,2024-03-19,326.00,completed
1440,80,108,2024-03-20,119.00,completed
1441,81,109,2024-03-21,654.00,pending
1442,82,110,2024-03-22,526.00,cancelled
1443,83,111,2024-03-23,259.00,cancelled
1444,84,112,2024-03-24,296.00,completed
1445,85,101,2024-03-25,817.00,completed
1446,86,102,2024-03-26,682.00,completed
1447,87,103,2024-03-27,587.00,completed
1448,88,104,2024-03-28,171.00,pending
1449,89,105,2024-03-29,705.00,completed
1450,90,106,2024-03-30,574.00,completed
1451,91,107,2024-03-31,254.00,completed
1452,92,108,2024-04-01,71.00,completed
1453,93,109,2024-04-02,750.00,completed
1454,94,110,2024-04-03,718.00,completed
1455,95,111,2024-04-04,355.00,pending
1456,96,112,2024-04-05,200.00,completed
1457,97,101,2024-04-06,1105.00,completed
1458,98,102,2024-04-07,634.00,completed
1459,99,103,2024-04-08,347.00,cancelled
1460,100,104,2024-04-09,387.00,cancelled
1461,101,105,2024-04-10,609.00,completed
1462,102,106,2024-04-11,406.00,pending
1463,103,107,2024-04-12,422.00,completed
1464,104,108,2024-04-13,143.00,completed
1465,105,109,2024-04-14,846.00,completed
1466,106,110,2024-04-15,670.00,completed
1467,107,111,2024-04-16,331.00,completed
1468,108,112,2024-04-17,104.00,completed
1469,109,101,2024-04-18,913.00,pending
1470,110,102,2024-04-19,466.00,completed
1471,111,103,2024-04-20,467.00,completed
1472,112,104,2024-04-21,243.00,completed
1473,113,105,2024-04-22,513.00,completed
1474,114,106,2024-04-23,718.00,completed
1475,115,107,2024-04-24,350.00,completed
1476,116,108,2024-04-25,95.00,cancelled
1477,117,109,2024-04-26,942.00,cancelled
1478,118,110,2024-04-27,502.00,completed
1479,119,111,2024-04-28,187.00,completed
1480,120,112,2024-04-29,248.00,completed
1481,1,101,2024-01-01,601.00,completed
1482,2,102,2024-01-02,538.00,completed
1483,3,103,2024-01-03,467.00,pending
1484,4,104,2024-01-04,459.00,completed
1485,5,105,2024-01-05,777.00,completed
1486,6,106,2024-01-06,550.00,completed
1487,7,107,2024-01-07,518.00,completed
1488,8,108,2024-01-08,47.00,completed
1489,9,109,2024-01-09,678.00,completed
1490,10,110,2024-01-10,574.00,pending
1491,11,111,2024-01-11,283.00,completed
1492,12,112,2024-01-12,152.00,completed
1493,13,101,2024-01-13,889.00,cancelled
1494,14,102,2024-01-14,610.00,cancelled
1495,15,103,2024-01-15,587.00,completed
1496,16,104,2024-01-16,315.00,completed
1497,17,105,2024-01-17,681.00,pending
1498,18,106,2024-01-18,622.00,completed
1499,19,107,2024-01-19,326.00,completed
1500,20,108,2024-01-20,119.00,completed
1501,21,109,2024-01-21,654.00,completed
1502,22,110,2024-01-22,526.00,completed
1503,23,111,2024-01-23,259.00,completed
1504,24,112,2024-01-24,296.00,pending
1505,25,101,2024-01-25,817.00,completed
1506,26,102,2024-01-26,682.00,completed
1507,27,103,2024-01-27,587.00,completed
1508,28,104,2024-01-28,171.00,completed
1509,29,105,2024-01-29,705.00,completed
1510,30,106,2024-01-30,574.00,cancelled
1511,31,107,2024-01-31,254.00,cancelled
1512,32,108,2024-02-01,71.00,completed
1513,33,109,2024-02-02,750.00,completed
1514,34,110,2024-02-03,718.00,completed
1515,35,111,2024-02-04,355.00,completed
1516,36,112,2024-02-05,200.00,completed
1517,37,101,2024-02-06,1105.00,completed
1518,38,102,2024-02-07,634.00,pending
1519,39,103,2024-02-08,347.00,completed
1520,40,104,2024-02-09,387.00,completed
1521,41,105,2024-02-10,609.00,completed
1522,42,106,2024-02-11,406.00,completed
1523,43,107,2024-02-12,422.00,completed
1524,44,108,2024-02-13,143.00,completed
1525,45,109,2024-02-14,846.00,pending
1526,46,110,2024-02-15,670.00,completed
1527,47,111,2024-02-16,331.00,cancelled
1528,48,112,2024-02-17,104.00,cancelled
1529,49,101,2024-02-18,913.00,completed
1530,50,102,2024-02-19,466.00,completed
1531,51,103,2024-02-20,467.00,completed
1532,52,104,2024-02-21,243.00,pending
1533,53,105,2024-02-22,513.00,completed
1534,54,106,2024-02-23,718.00,completed
1535,55,107,2024-02-24,350.00,completed
1536,56,108,2024-02-25,95.00,completed
1537,57,109,2024-02-26,942.00,completed
1538,58,110,2024-02-27,502.00,completed
1539,59,111,2024-02-28,187.00,pending
1540,60,112,2024-02-29,248.00,completed
1541,61,101,2024-03-01,601.00,completed
1542,62,102,2024-03-02,538.00,completed
1543,63,103,2024-03-03,467.00,completed
1544,64,104,2024-03-04,459.00,cancelled
1545,65,105,2024-03-05,777.00,cancelled
1546,66,106,2024-03-06,550.00,pending
1547,67,107,2024-03-07,518.00,completed
1548,68,108,2024-03-08,47.00,completed
1549,69,109,2024-03-09,678.00,completed
1550,70,110,2024-03-10,574.00,completed
1551,71,111,2024-03-11,283.00,completed
1552,72,112,2024-03-12,152.00,completed
1553,73,101,2024-03-13,889.00,pending
1554,74,102,2024-03-14,610.00,completed
1555,75,103,2024-03-15,587.00,completed
1556,76,104,2024-03-16,315.00,completed
1557,77,105,2024-03-17,681.00,completed
1558,78,106,2024-03-18,622.00,completed
1559,79,107,2024-03-19,326.00,completed
1560,80,108,2024-03-20,119.00,pending
1561,81,109,2024-03-21,654.00,cancelled
1562,82,110,2024-03-22,526.00,cancelled
1563,83,111,2024-03-23,259.00,completed
1564,84,112,2024-03-24,296.00,completed
1565,85,101,2024-03-25,817.00,completed
1566,86,102,2024-03-26,682.00,completed
1567,87,103,2024-03-27,587.00,pending
1568,88,104,2024-03-28,171.00,completed
1569,89,105,2024-03-29,705.00,completed
1570,90,106,2024-03-30,574.00,completed
1571,91,107,2024-03-31,254.00,completed
1572,92,108,2024-04-01,71.00,completed
1573,93,109,2024-04-02,750.00,completed
1574,94,110,2024-04-03,718.00,pending
1575,95,111,2024-04-04,355.00,completed
1576,96,112,2024-04-05,200.00,completed
1577,97,101,2024-04-06,1105.00,completed
1578,98,102,2024-04-07,634.00,cancelled
1579,99,103,2024-04-08,347.00,cancelled
1580,100,104,2024-04-09,387.00,completed
1581,101,105,2024-04-10,609.00,pending
1582,102,106,2024-04-11,406.00,completed
1583,103,107,2024-04-12,422.00,completed
1584,104,108,2024-04-13,143.00,completed
1585,105,109,2024-04-14,846.00,completed
1586,106,110,2024-04-15,670.00,completed
1587,107,111,2024-04-16,331.00,completed
1588,108,112,2024-04-17,104.00,pending
1589,109,101,2024-04-18,913.00,completed
1590,110,102,2024-04-19,466.00,completed
1591,111,103,2024-04-20,467.00,completed
1592,112,104,2024-04-21,243.00,completed
1593,113,105,2024-04-22,513.00,completed
1594,114,106,2024-04-23,718.00,completed
1595,115,107,2024-04-24,350.00,cancelled
1596,116,108,2024-04-25,95.00,cancelled
1597,117,109,2024-04-26,942.00,completed
1598,118,110,2024-04-27,502.00,completed
1599,119,111,2024-04-28,187.00,completed
1600,120,112,2024-04-29,248.00,completed
1601,1,101,2024-01-01,601.00,completed
1602,2,102,2024-01-02,538.00,pending
1603,3,103,2024-01-03,467.00,completed
1604,4,104,2024-01-04,459.00,completed
1605,5,105,2024-01-05,777.00,completed
1606,6,106,2024-01-06,550.00,completed
1607,7,107,2024-01-07,518.00,completed
1608,8,108,2024-01-08,47.00,completed
1609,9,109,2024-01-09,678.00,pending
1610,10,110,2024-01-10,574.00,completed
1611,11,111,2024-01-11,283.00,completed
1612,12,112,2024-01-12,152.00,cancelled
1613,13,101,2024-01-13,889.00,cancelled
1614,14,102,2024-01-14,610.00,completed
1615,15,103,2024-01-15,587.00,completed
1616,16,104,2024-01-16,315.00,pending
1617,17,105,2024-01-17,681.00,completed
1618,18,106,2024-01-18,622.00,completed
1619,19,107,2024-01-19,326.00,completed
1620,20,108,2024-01-20,119.00,completed
1621,21,109,2024-01-21,654.00,completed
1622,22,110,2024-01-22,526.00,completed
1623,23,111,2024-01-23,259.00,pending
1624,24,112,2024-01-24,296.00,completed
1625,25,101,2024-01-25,817.00,completed
1626,26,102,2024-01-26,682.00,completed
1627,27,103,2024-01-27,587.00,completed
1628,28,104,2024-01-28,171.00,completed
1629,29,105,2024-01-29,705.00,cancelled
1630,30,106,2024-01-30,574.00,cancelled
1631,31,107,2024-01-31,254.00,completed
1632,32,108,2024-02-01,71.00,completed
1633,33,109,2024-02-02,750.00,completed
1634,34,110,2024-02-03,718.00,completed
1635,35,111,2024-02-04,355.00,completed
1636,36,112,2024-02-05,200.00,completed
1637,37,101,2024-02-06,1105.00,pending
1638,38,102,2024-02-07,634.00,completed
1639,39,103,2024-02-08,347.00,completed
1640,40,104,2024-02-09,387.00,completed
1641,41,105,2024-02-10,609.00,completed
1642,42,106,2024-02-11,406.00,completed
1643,43,107,2024-02-12,422.00,completed
1644,44,108,2024-02-13,143.00,pending
1645,45,109,2024-02-14,846.00,completed
1646,46,110,2024-02-15,670.00,cancelled
1647,47,111,2024-02-16,331.00,cancelled
1648,48,112,2024-02-17,104.00,completed
1649,49,101,2024-02-18,913.00,completed
1650,50,102,2024-02-19,466.00,completed
1651,51,103,2024-02-20,467.00,pending
1652,52,104,2024-02-21,243.00,completed
1653,53,105,2024-02-22,513.00,completed
1654,54,106,2024-02-23,718.00,completed
1655,55,107,2024-02-24,350.00,completed
1656,56,108,2024-02-25,95.00,completed
1657,57,109,2024-02-26,942.00,completed
1658,58,110,2024-02-27,502.00,pending
1659,59,111,2024-02-28,187.00,completed
1660,60,112,2024-02-29,248.00,completed
1661,61,101,2024-03-01,601.00,completed
1662,62,102,2024-03-02,538.00,completed
1663,63,103,2024-03-03,467.00,cancelled
1664,64,104,2024-03-04,459.00,cancelled
1665,65,105,2024-03-05,777.00,pending
1666,66,106,2024-03-06,550.00,completed
1667,67,107,2024-03-07,518.00,completed
1668,68,108,2024-03-08,47.00,completed
1669,69,109,2024-03-09,678.00,completed
1670,70,110,2024-03-10,574.00,completed
1671,71,111,2024-03-11,283.00,completed
1672,72,112,2024-03-12,152.00,pending
1673,73,101,2024-03-13,889.00,completed
1674,74,102,2024-03-14,610.00,completed
1675,75,103,2024-03-15,587.00,completed
1676,76,104,2024-03-16,315.00,completed
1677,77,105,2024-03-17,681.00,completed
1678,78,106,2024-03-18,622.00,completed
1679,79,107,2024-03-19,326.00,pending
1680,80,108,2024-03-20,119.00,cancelled
1681,81,109,2024-03-21,654.00,cancelled
1682,82,110,2024-03-22,526.00,completed
1683,83,111,2024-03-23,259.00,completed
1684,84,112,2024-03-24,296.00,completed
1685,85,101,2024-03-25,817.00,completed
1686,86,102,2024-03-26,682.00,pending
1687,87,103,2024-03-27,587.00,completed
1688,88,104,2024-03-28,171.00,completed
1689,89,105,2024-03-29,705.00,completed
1690,90,106,2024-03-30,574.00,completed
1691,91,107,2024-03-31,254.00,completed
1692,92,108,2024-04-01,71.00,completed
1693,93,109,2024-04-02,750.00,pending
1694,94,110,2024-04-03,718.00,completed
1695,95,111,2024-04-04,355.00,completed
1696,96,112,2024-04-05,200.00,completed
1697,97,101,2024-04-06,1105.00,cancelled
1698,98,102,2024-04-07,634.00,cancelled
1699,99,103,2024-04-08,347.00,completed
1700,100,104,2024-04-09,387.00,pending
1701,101,105,2024-04-10,609.00,completed
1702,102,106,2024-04-11,406.00,completed
1703,103,107,2024-04-12,422.00,completed
1704,104,108,2024-04-13,143.00,completed
1705,105,109,2024-04-14,846.00,completed
1706,106,110,2024-04-15,670.00,completed
1707,107,111,2024-04-16,331.00,pending
1708,108,112,2024-04-17,104.00,completed
1709,109,101,2024-04-18,913.00,completed
1710,110,102,2024-04-19,466.00,completed
1711,111,103,2024-04-20,467.00,completed
1712,112,104,2024-04-21,243.00,completed
1713,113,105,2024-04-22,513.00,completed
1714,114,106,2024-04-23,718.00,cancelled
1715,115,107,2024-04-24,350.00,cancelled
1716,116,108,2024-04-25,95.00,completed
1717,117,109,2024-04-26,942.00,completed
1718,118,110,2024-04-27,502.00,completed
1719,119,111,2024-04-28,187.00,completed
1720,120,112,2024-04-29,248.00,completed
1721,1,101,2024-01-01,601.00,pending
1722,2,102,2024-01-02,538.00,completed
1723,3,103,2024-01-03,467.00,completed
1724,4,104,2024-01-04,459.00,completed
1725,5,105,2024-01-05,777.00,completed
1726,6,106,2024-01-06,550.00,completed
1727,7,107,2024-01-07,518.00,completed
1728,8,108,2024-01-08,47.00,pending
1729,9,109,2024-01-09,678.00,completed
1730,10,110,2024-01-10,574.00,completed
1731,11,111,2024-01-11,283.00,cancelled
1732,12,112,2024-01-12,152.00,cancelled
1733,13,101,2024-01-13,889.00,completed
1734,14,102,2024-01-14,610.00,completed
1735,15,103,2024-01-15,587.00,pending
1736,16,104,2024-01-16,315.00,completed
1737,17,105,2024-01-17,681.00,completed
1738,18,106,2024-01-18,622.00,completed
1739,19,107,2024-01-19,326.00,completed
1740,20,108,2024-01-20,119.00,completed
1741,21,109,2024-01-21,654.00,completed
1742,22,110,2024-01-22,526.00,pending
1743,23,111,2024-01-23,259.00,completed
1744,24,112,2024-01-24,296.00,completed
1745,25,101,2024-01-25,817.00,completed
1746,26,102,2024-01-26,682.00,completed
1747,27,103,2024-01-27,587.00,completed
1748,28,104,2024-01-28,171.00,cancelled
1749,29,105,2024-01-29,705.00,cancelled
1750,30,106,2024-01-30,574.00,completed
1751,31,107,2024-01-31,254.00,completed
1752,32,108,2024-02-01,71.00,completed
1753,33,109,2024-02-02,750.00,completed
1754,34,110,2024-02-03,718.00,completed
1755,35,111,2024-02-04,355.00,completed
1756,36,112,2024-02-05,200.00,pending
1757,37,101,2024-02-06,1105.00,completed
1758,38,102,2024-02-07,634.00,completed
1759,39,103,2024-02-08,347.00,completed
1760,40,104,2024-02-09,387.00,completed
1761,41,105,2024-02-10,609.00,completed
1762,42,106,2024-02-11,406.00,completed
1763,43,107,2024-02-12,422.00,pending
1764,44,108,2024-02-13,143.00,completed
1765,45,109,2024-02-14,846.00,cancelled
1766,46,110,2024-02-15,670.00,cancelled
1767,47,111,2024-02-16,331.00,completed
1768,48,112,2024-02-17,104.00,completed
1769,49,101,2024-02-18,913.00,completed
1770,50,102,2024-02-19,466.00,pending
1771,51,103,2024-02-20,467.00,completed
1772,52,104,2024-02-21,243.00,completed
1773,53,105,2024-02-22,513.00,completed
1774,54,106,2024-02-23,718.00,completed
1775,55,107,2024-02-24,350.00,completed
1776,56,108,2024-02-25,95.00,completed
1777,57,109,2024-02-26,942.00,pending
1778,58,110,2024-02-27,502.00,completed
1779,59,111,2024-02-28,187.00,completed
1780,60,112,2024-02-29,248.00,completed
1781,61,101,2024-03-01,601.00,completed
1782,62,102,2024-03-02,538.00,cancelled
1783,63,103,2024-03-03,467.00,cancelled
1784,64,104,2024-03-04,459.00,pending
1785,65,105,2024-03-05,777.00,completed
1786,66,106,2024-03-06,550.00,completed
1787,67,107,2024-03-07,518.00,completed
1788,68,108,2024-03-08,47.00,completed
1789,69,109,2024-03-09,678.00,completed
1790,70,110,2024-03-10,574.00,completed
1791,71,111,2024-03-11,283.00,pending
1792,72,112,2024-03-12,152.00,completed
1793,73,101,2024-03-13,889.00,completed
1794,74,102,2024-03-14,610.00,completed
1795,75,103,2024-03-15,587.00,completed
1796,76,104,2024-03-16,315.00,completed
1797,77,105,2024-03-17,681.00,completed
1798,78,106,2024-03-18,622.00,pending
1799,79,107,2024-03-19,326.00,cancelled
1800,80,108,2024-03-20,119.00,cancelled
1801,81,109,2024-03-21,654.00,completed
1802,82,110,2024-03-22,526.00,completed
1803,83,111,2024-03-23,259.00,completed
1804,84,112,2024-03-24,296.00,completed
1805,85,101,2024-03-25,817.00,pending
1806,86,102,2024-03-26,682.00,completed
1807,87,103,2024-03-27,587.00,completed
1808,88,104,2024-03-28,171.00,completed
1809,89,105,2024-03-29,705.00,completed
1810,90,106,2024-03-30,574.00,completed
1811,91,107,2024-03-31,254.00,completed
1812,92,108,2024-04-01,71.00,pending
1813,93,109,2024-04-02,750.00,completed
1814,94,110,2024-04-03,718.00,completed
1815,95,111,2024-04-04,355.00,completed
1816,96,112,2024-04-05,200.00,cancelled
1817,97,101,2024-04-06,1105.00,cancelled
1818,98,102,2024-04-07,634.00,completed
1819,99,103,2024-04-08,347.00,pending
1820,100,104,2024-04-09,387.00,completed
1821,101,105,2024-04-10,609.00,completed
1822,102,106,2024-04-11,406.00,completed
1823,103,107,2024-04-12,422.00,completed
1824,104,108,2024-04-13,143.00,completed
1825,105,109,2024-04-14,846.00,completed
1826,106,110,2024-04-15,670.00,pending
1827,107,111,2024-04-16,331.00,completed
1828,108,112,2024-04-17,104.00,completed
1829,109,101,2024-04-18,913.00,completed
1830,110,102,2024-04-19,466.00,completed
1831,111,103,2024-04-20,467.00,completed
1832,112,104,2024-04-21,243.00,completed
1833,113,105,2024-04-22,513.00,cancelled
1834,114,106,2024-04-23,718.00,cancelled
1835,115,107,2024-04-24,350.00,completed
1836,116,108,2024-04-25,95.00,completed
1837,117,109,2024-04-26,942.00,completed
1838,118,110,2024-04-27,502.00,completed
1839,119,111,2024-04-28,187.00,completed
1840,120,112,2024-04-29,248.00,pending
1841,1,101,2024-01-01,601.00,completed
1842,2,102,2024-01-02,538.00,completed
1843,3,103,2024-01-03,467.00,completed
1844,4,104,2024-01-04,459.00,completed
1845,5,105,2024-01-05,777.00,completed
1846,6,106,2024-01-06,550.00,completed
1847,7,107,2024-01-07,518.00,pending
1848,8,108,2024-01-08,47.00,completed
1849,9,109,2024-01-09,678.00,completed
1850,10,110,2024-01-10,574.00,cancelled
1851,11,111,2024-01-11,283.00,cancelled
1852,12,112,2024-01-12,152.00,completed
1853,13,101,2024-01-13,889.00,completed
1854,14,102,2024-01-14,610.00,pending
1855,15,103,2024-01-15,587.00,completed
1856,16,104,2024-01-16,315.00,completed
1857,17,105,2024-01-17,681.00,completed
1858,18,106,2024-01-18,622.00,completed
1859,19,107,2024-01-19,326.00,completed
1860,20,108,2024-01-20,119.00,completed
1861,21,109,2024-01-21,654.00,pending
1862,22,110,2024-01-22,526.00,completed
1863,23,111,2024-01-23,259.00,completed
1864,24,112,2024-01-24,296.00,completed
1865,25,101,2024-01-25,817.00,completed
1866,26,102,2024-01-26,682.00,completed
1867,27,103,2024-01-27,587.00,cancelled
1868,28,104,2024-01-28,171.00,cancelled
1869,29,105,2024-01-29,705.00,completed
1870,30,106,2024-01-30,574.00,completed
1871,31,107,2024-01-31,254.00,completed
1872,32,108,2024-02-01,71.00,completed
1873,33,109,2024-02-02,750.00,completed
1874,34,110,2024-02-03,718.00,completed
1875,35,111,2024-02-04,355.00,pending
1876,36,112,2024-02-05,200.00,completed
1877,37,101,2024-02-06,1105.00,completed
1878,38,102,2024-02-07,634.00,completed
1879,39,103,2024-02-08,347.00,completed
1880,40,104,2024-02-09,387.00,completed
1881,41,105,2024-02-10,609.00,completed
1882,42,106,2024-02-11,406.00,pending
1883,43,107,2024-02-12,422.00,completed
1884,44,108,2024-02-13,143.00,cancelled
1885,45,109,2024-02-14,846.00,cancelled
1886,46,110,2024-02-15,670.00,completed
1887,47,111,2024-02-16,331.00,completed
1888,48,112,2024-02-17,104.00,completed
1889,49,101,2024-02-18,913.00,pending
1890,50,102,2024-02-19,466.00,completed
1891,51,103,2024-02-20,467.00,completed
1892,52,104,2024-02-21,243.00,completed
1893,53,105,2024-02-22,513.00,completed
1894,54,106,2024-02-23,718.00,completed
1895,55,107,2024-02-24,350.00,completed
1896,56,108,2024-02-25,95.00,pending
1897,57,109,2024-02-26,942.00,completed
1898,58,110,2024-02-27,502.00,completed
1899,59,111,2024-02-28,187.00,completed
1900,60,112,2024-02-29,248.00,completed
1901,61,101,2024-03-01,601.00,cancelled
1902,62,102,2024-03-02,538.00,cancelled
1903,63,103,2024-03-03,467.00,pending
1904,64,104,2024-03-04,459.00,completed
1905,65,105,2024-03-05,777.00,completed
1906,66,106,2024-03-06,550.00,completed
1907,67,107,2024-03-07,518.00,completed
1908,68,108,2024-03-08,47.00,completed
1909,69,109,2024-03-09,678.00,completed
1910,70,110,2024-03-10,574.00,pending
1911,71,111,2024-03-11,283.00,completed
1912,72,112,2024-03-12,152.00,completed
1913,73,101,2024-03-13,889.00,completed
1914,74,102,2024-03-14,610.00,completed
1915,75,103,2024-03-15,587.00,completed
1916,76,104,2024-03-16,315.00,completed
1917,77,105,2024-03-17,681.00,pending
1918,78,106,2024-03-18,622.00,cancelled
1919,79,107,2024-03-19,326.00,cancelled
1920,80,108,2024-03-20,119.00,completed
1921,81,109,2024-03-21,654.00,completed
1922,82,110,2024-03-22,526.00,completed
1923,83,111,2024-03-23,259.00,completed
1924,84,112,2024-03-24,296.00,pending
1925,85,101,2024-03-25,817.00,completed
1926,86,102,2024-03-26,682.00,completed
1927,87,103,2024-03-27,587.00,completed
1928,88,104,2024-03-28,171.00,completed
1929,89,105,2024-03-29,705.00,completed
1930,90,106,2024-03-30,574.00,completed
1931,91,107,2024-03-31,254.00,pending
1932,92,108,2024-04-01,71.00,completed
1933,93,109,2024-04-02,750.00,completed
1934,94,110,2024-04-03,718.00,completed
1935,95,111,2024-04-04,355.00,cancelled
1936,96,112,2024-04-05,200.00,cancelled
1937,97,101,2024-04-06,1105.00,completed
1938,98,102,2024-04-07,634.00,pending
1939,99,103,2024-04-08,347.00,completed
1940,100,104,2024-04-09,387.00,completed
1941,101,105,2024-04-10,609.00,completed
1942,102,106,2024-04-11,406.00,completed
1943,103,107,2024-04-12,422.00,completed
1944,104,108,2024-04-13,143.00,completed
1945,105,109,2024-04-14,846.00,pending
1946,106,110,2024-04-15,670.00,completed
1947,107,111,2024-04-16,331.00,completed
1948,108,112,2024-04-17,104.00,completed
1949,109,101,2024-04-18,913.00,completed
1950,110,102,2024-04-19,466.00,completed
1951,111,103,2024-04-20,467.00,completed
1952,112,104,2024-04-21,243.00,cancelled
1953,113,105,2024-04-22,513.00,cancelled
1954,114,106,2024-04-23,718.00,completed
1955,115,107,2024-04-24,350.00,completed
1956,116,108,2024-04-25,95.00,completed
1957,117,109,2024-04-26,942.00,completed
1958,118,110,2024-04-27,502.00,completed
1959,119,111,2024-04-28,187.00,pending
1960,120,112,2024-04-29,248.00,completed
1961,1,101,2024-01-01,601.00,completed
1962,2,102,2024-01-02,538.00,completed
1963,3,103,2024-01-03,467.00,completed
1964,4,104,2024-01-04,459.00,completed
1965,5,105,2024-01-05,777.00,completed
1966,6,106,2024-01-06,550.00,pending
1967,7,107,2024-01-07,518.00,completed
1968,8,108,2024-01-08,47.00,completed
1969,9,109,2024-01-09,678.00,cancelled
1970,10,110,2024-01-10,574.00,cancelled
1971,11,111,2024-01-11,283.00,completed
1972,12,112,2024-01-12,152.00,completed
1973,13,101,2024-01-13,889.00,pending
1974,14,102,2024-01-14,610.00,completed
1975,15,103,2024-01-15,587.00,completed
1976,16,104,2024-01-16,315.00,completed
1977,17,105,2024-01-17,681.00,completed
1978,18,106,2024-01-18,622.00,completed
1979,19,107,2024-01-19,326.00,completed
1980,20,108,2024-01-20,119.00,pending
1981,21,109,2024-01-21,654.00,completed
1982,22,110,2024-01-22,526.00,completed
1983,23,111,2024-01-23,259.00,completed
1984,24,112,2024-01-24,296.00,completed
1985,25,101,2024-01-25,817.00,completed
1986,26,102,2024-01-26,682.00,cancelled
1987,27,103,2024-01-27,587.00,cancelled
1988,28,104,2024-01-28,171.00,completed
1989,29,105,2024-01-29,705.00,completed
1990,30,106,2024-01-30,574.00,completed
1991,31,107,2024-01-31,254.00,completed
1992,32,108,2024-02-01,71.00,completed
1993,33,109,2024-02-02,750.00,completed
1994,34,110,2024-02-03,718.00,pending
1995,35,111,2024-02-04,355.00,completed
1996,36,112,2024-02-05,200.00,completed
1997,37,101,2024-02-06,1105.00,completed
1998,38,102,2024-02-07,634.00,completed
1999,39,103,2024-02-08,347.00,completed
2000,40,104,2024-02-09,387.00,completed
