payment_id,order_id,payment_date,payment_amount,payment_method,payment_status
10021,1002,2024-01-02,538.00,card,paid
10031,1003,2024-01-03,467.00,transfer,paid
10051,1005,2024-01-05,777.00,card,paid
10061,1006,2024-01-06,550.00,transfer,paid
10091,1009,2024-01-09,678.00,transfer,paid
10101,1010,2024-01-10,574.00,wallet,paid
10111,1011,2024-01-11,283.00,card,paid
10131,1013,2024-01-13,889.00,wallet,paid
10151,1015,2024-01-15,587.00,transfer,paid
10191,1019,2024-01-19,326.00,wallet,paid
10221,1022,2024-01-22,526.00,wallet,paid
10231,1023,2024-01-23,259.00,card,paid
10251,1025,2024-01-25,817.00,wallet,paid
10261,1026,2024-01-26,682.00,card,paid
10271,1027,2024-01-27,587.00,transfer,paid
10291,1029,2024-01-29,705.00,card,paid
10301,1030,2024-01-30,574.00,transfer,paid
10311,1031,2024-01-31,254.00,wallet,paid
10331,1033,2024-02-02,750.00,transfer,paid
10371,1037,2024-02-06,1105.00,wallet,paid
10381,1038,2024-02-07,634.00,card,paid
10391,1039,2024-02-08,347.00,transfer,paid
10411,1041,2024-02-10,609.00,card,paid
10431,1043,2024-02-12,422.00,wallet,paid
10451,1045,2024-02-14,846.00,transfer,paid
10461,1046,2024-02-15,670.00,wallet,paid
10471,1047,2024-02-16,331.00,card,paid
10501,1050,2024-02-19,466.00,card,paid
10531,1053,2024-02-22,513.00,card,paid
10541,1054,2024-02-23,718.00,transfer,paid
10551,1055,2024-02-24,350.00,wallet,paid
10571,1057,2024-02-26,942.00,transfer,paid
10581,1058,2024-02-27,502.00,wallet,paid
10591,1059,2024-02-28,187.00,card,paid
10611,1061,2024-03-01,601.00,wallet,paid
10621,1062,2024-03-02,538.00,card,paid
10651,1065,2024-03-05,777.00,card,paid
10661,1066,2024-03-06,550.00,transfer,paid
10671,1067,2024-03-07,518.00,wallet,paid
10711,1071,2024-03-11,283.00,card,paid
10731,1073,2024-03-13,889.00,wallet,paid
10741,1074,2024-03-14,610.00,card,paid
10751,1075,2024-03-15,587.00,transfer,paid
10781,1078,2024-03-18,622.00,transfer,paid
10791,1079,2024-03-19,326.00,wallet,paid
10811,1081,2024-03-21,654.00,transfer,paid
10821,1082,2024-03-22,526.00,wallet,paid
10831,1083,2024-03-23,259.00,card,paid
10871,1087,2024-03-27,587.00,transfer,paid
10891,1089,2024-03-29,705.00,card,paid
10901,1090,2024-03-30,574.00,transfer,paid
10931,1093,2024-04-02,750.00,transfer,paid
10941,1094,2024-04-03,718.00,wallet,paid
10951,1095,2024-04-04,355.00,card,paid
10971,1097,2024-04-06,1105.00,wallet,paid
10991,1099,2024-04-08,347.00,transfer,paid
11011,1101,2024-04-10,609.00,card,paid
11061,1106,2024-04-15,670.00,wallet,paid
11071,1107,2024-04-16,331.00,card,paid
11091,1109,2024-04-18,913.00,wallet,paid
11101,1110,2024-04-19,466.00,card,paid
11111,1111,2024-04-20,467.00,transfer,paid
11131,1113,2024-04-22,513.00,card,paid
11141,1114,2024-04-23,718.00,transfer,paid
11151,1115,2024-04-24,350.00,wallet,paid
11171,1117,2024-04-26,942.00,transfer,paid
11181,1118,2024-04-27,502.00,wallet,paid
11211,1121,2024-01-01,601.00,wallet,paid
11221,1122,2024-01-02,538.00,card,paid
11231,1123,2024-01-03,467.00,transfer,paid
11251,1125,2024-01-05,777.00,card,paid
11271,1127,2024-01-07,518.00,wallet,paid
11291,1129,2024-01-09,678.00,transfer,paid
11301,1130,2024-01-10,574.00,wallet,paid
11311,1131,2024-01-11,283.00,card,paid
11341,1134,2024-01-14,610.00,card,paid
11351,1135,2024-01-15,587.00,transfer,paid
11381,1138,2024-01-18,622.00,transfer,paid
11391,1139,2024-01-19,326.00,wallet,paid
11411,1141,2024-01-21,654.00,transfer,paid
11421,1142,2024-01-22,526.00,wallet,paid
11431,1143,2024-01-23,259.00,card,paid
11451,1145,2024-01-25,817.00,wallet,paid
11461,1146,2024-01-26,682.00,card,paid
11491,1149,2024-01-29,705.00,card,paid
11501,1150,2024-01-30,574.00,transfer,paid
11511,1151,2024-01-31,254.00,wallet,paid
11551,1155,2024-02-04,355.00,card,paid
11571,1157,2024-02-06,1105.00,wallet,paid
11581,1158,2024-02-07,634.00,card,paid
11591,1159,2024-02-08,347.00,transfer,paid
11621,1162,2024-02-11,406.00,transfer,paid
11631,1163,2024-02-12,422.00,wallet,paid
11651,1165,2024-02-14,846.00,transfer,paid
11661,1166,2024-02-15,670.00,wallet,paid
11671,1167,2024-02-16,331.00,card,paid
11691,1169,2024-02-18,913.00,wallet,paid
11731,1173,2024-02-22,513.00,card,paid
11741,1174,2024-02-23,718.00,transfer,paid
11771,1177,2024-02-26,942.00,transfer,paid
11781,1178,2024-02-27,502.00,wallet,paid
11791,1179,2024-02-28,187.00,card,paid
11811,1181,2024-03-01,601.00,wallet,paid
11831,1183,2024-03-03,467.00,transfer,paid
11851,1185,2024-03-05,777.00,card,paid
11861,1186,2024-03-06,550.00,transfer,paid
11901,1190,2024-03-10,574.00,wallet,paid
11911,1191,2024-03-11,283.00,card,paid
11931,1193,2024-03-13,889.00,wallet,paid
11941,1194,2024-03-14,610.00,card,paid
11951,1195,2024-03-15,587.00,transfer,paid
11971,1197,2024-03-17,681.00,card,paid
11981,1198,2024-03-18,622.00,transfer,paid
11991,1199,2024-03-19,326.00,wallet,paid
12011,1201,2024-03-21,654.00,transfer,paid
12021,1202,2024-03-22,526.00,wallet,paid
12061,1206,2024-03-26,682.00,card,paid
12071,1207,2024-03-27,587.00,transfer,paid
12091,1209,2024-03-29,705.00,card,paid
12111,1211,2024-03-31,254.00,wallet,paid
12131,1213,2024-04-02,750.00,transfer,paid
12141,1214,2024-04-03,718.00,wallet,paid
12151,1215,2024-04-04,355.00,card,paid
12181,1218,2024-04-07,634.00,card,paid
12191,1219,2024-04-08,347.00,transfer,paid
12231,1223,2024-04-12,422.00,wallet,paid
12251,1225,2024-04-14,846.00,transfer,paid
12261,1226,2024-04-15,670.00,wallet,paid
12271,1227,2024-04-16,331.00,card,paid
12291,1229,2024-04-18,913.00,wallet,paid
12301,1230,2024-04-19,466.00,card,paid
12331,1233,2024-04-22,513.00,card,paid
12341,1234,2024-04-23,718.00,transfer,paid
12351,1235,2024-04-24,350.00,wallet,paid
12371,1237,2024-04-26,942.00,transfer,paid
12411,1241,2024-01-01,601.00,wallet,paid
12421,1242,2024-01-02,538.00,card,paid
12431,1243,2024-01-03,467.00,transfer,paid
12461,1246,2024-01-06,550.00,transfer,paid
12471,1247,2024-01-07,518.00,wallet,paid
12491,1249,2024-01-09,678.00,transfer,paid
12501,1250,2024-01-10,574.00,wallet,paid
12511,1251,2024-01-11,283.00,card,paid
12531,1253,2024-01-13,889.00,wallet,paid
12541,1254,2024-01-14,610.00,card,paid
12571,1257,2024-01-17,681.00,card,paid
12581,1258,2024-01-18,622.00,transfer,paid
12611,1261,2024-01-21,654.00,transfer,paid
12621,1262,2024-01-22,526.00,wallet,paid
12631,1263,2024-01-23,259.00,card,paid
12651,1265,2024-01-25,817.00,wallet,paid
12671,1267,2024-01-27,587.00,transfer,paid
12691,1269,2024-01-29,705.00,card,paid
12701,1270,2024-01-30,574.00,transfer,paid
12711,1271,2024-01-31,254.00,wallet,paid
12741,1274,2024-02-03,718.00,wallet,paid
12751,1275,2024-02-04,355.00,card,paid
12771,1277,2024-02-06,1105.00,wallet,paid
12781,1278,2024-02-07,634.00,card,paid
12791,1279,2024-02-08,347.00,transfer,paid
12811,1281,2024-02-10,609.00,card,paid
12821,1282,2024-02-11,406.00,transfer,paid
12831,1283,2024-02-12,422.00,wallet,paid
12851,1285,2024-02-14,846.00,transfer,paid
12861,1286,2024-02-15,670.00,wallet,paid
12911,1291,2024-02-20,467.00,transfer,paid
12931,1293,2024-02-22,513.00,card,paid
12951,1295,2024-02-24,350.00,wallet,paid
12971,1297,2024-02-26,942.00,transfer,paid
12981,1298,2024-02-27,502.00,wallet,paid
12991,1299,2024-02-28,187.00,card,paid
13021,1302,2024-03-02,538.00,card,paid
13031,1303,2024-03-03,467.00,transfer,paid
13051,1305,2024-03-05,777.00,card,paid
13091,1309,2024-03-09,678.00,transfer,paid
13101,1310,2024-03-10,574.00,wallet,paid
13111,1311,2024-03-11,283.00,card,paid
13131,1313,2024-03-13,889.00,wallet,paid
13141,1314,2024-03-14,610.00,card,paid
13171,1317,2024-03-17,681.00,card,paid
13181,1318,2024-03-18,622.00,transfer,paid
13191,1319,2024-03-19,326.00,wallet,paid
13211,1321,2024-03-21,654.00,transfer,paid
13251,1325,2024-03-25,817.00,wallet,paid
13261,1326,2024-03-26,682.00,card,paid
13271,1327,2024-03-27,587.00,transfer,paid
13301,1330,2024-03-30,574.00,transfer,paid
13311,1331,2024-03-31,254.00,wallet,paid
13331,1333,2024-04-02,750.00,transfer,paid
13341,1334,2024-04-03,718.00,wallet,paid
13351,1335,2024-04-04,355.00,card,paid
13371,1337,2024-04-06,1105.00,wallet,paid
13381,1338,2024-04-07,634.00,card,paid
13391,1339,2024-04-08,347.00,transfer,paid
13421,1342,2024-04-11,406.00,transfer,paid
13451,1345,2024-04-14,846.00,transfer,paid
13461,1346,2024-04-15,670.00,wallet,paid
13471,1347,2024-04-16,331.00,card,paid
13491,1349,2024-04-18,913.00,wallet,paid
13511,1351,2024-04-20,467.00,transfer,paid
13531,1353,2024-04-22,513.00,card,paid
13541,1354,2024-04-23,718.00,transfer,paid
13551,1355,2024-04-24,350.00,wallet,paid
13591,1359,2024-04-28,187.00,card,paid
13611,1361,2024-01-01,601.00,wallet,paid
13621,1362,2024-01-02,538.00,card,paid
13631,1363,2024-01-03,467.00,transfer,paid
13651,1365,2024-01-05,777.00,card,paid
13661,1366,2024-01-06,550.00,transfer,paid
13671,1367,2024-01-07,518.00,wallet,paid
13691,1369,2024-01-09,678.00,transfer,paid
13701,1370,2024-01-10,574.00,wallet,paid
13731,1373,2024-01-13,889.00,wallet,paid
13771,1377,2024-01-17,681.00,card,paid
13791,1379,2024-01-19,326.00,wallet,paid
13811,1381,2024-01-21,654.00,transfer,paid
13821,1382,2024-01-22,526.00,wallet,paid
13831,1383,2024-01-23,259.00,card,paid
13861,1386,2024-01-26,682.00,card,paid
13871,1387,2024-01-27,587.00,transfer,paid
13891,1389,2024-01-29,705.00,card,paid
13901,1390,2024-01-30,574.00,transfer,paid
13931,1393,2024-02-02,750.00,transfer,paid
13941,1394,2024-02-03,718.00,wallet,paid
13951,1395,2024-02-04,355.00,card,paid
13971,1397,2024-02-06,1105.00,wallet,paid
13981,1398,2024-02-07,634.00,card,paid
14011,1401,2024-02-10,609.00,card,paid
14021,1402,2024-02-11,406.00,transfer,paid
14031,1403,2024-02-12,422.00,wallet,paid
14051,1405,2024-02-14,846.00,transfer,paid
14071,1407,2024-02-16,331.00,card,paid
14101,1410,2024-02-19,466.00,card,paid
14111,1411,2024-02-20,467.00,transfer,paid
14141,1414,2024-02-23,718.00,transfer,paid
14151,1415,2024-02-24,350.00,wallet,paid
14171,1417,2024-02-26,942.00,transfer,paid
14181,1418,2024-02-27,502.00,wallet,paid
14191,1419,2024-02-28,187.00,card,paid
14211,1421,2024-03-01,601.00,wallet,paid
14221,1422,2024-03-02,538.00,card,paid
14231,1423,2024-03-03,467.00,transfer,paid
14291,1429,2024-03-09,678.00,transfer,paid
14301,1430,2024-03-10,574.00,wallet,paid
14311,1431,2024-03-11,283.00,card,paid
14331,1433,2024-03-13,889.00,wallet,paid
14351,1435,2024-03-15,587.00,transfer,paid
14371,1437,2024-03-17,681.00,card,paid
14381,1438,2024-03-18,622.00,transfer,paid
14391,1439,2024-03-19,326.00,wallet,paid
14451,1445,2024-03-25,817.00,wallet,paid
14461,1446,2024-03-26,682.00,card,paid
14471,1447,2024-03-27,587.00,transfer,paid
14491,1449,2024-03-29,705.00,card,paid
14501,1450,2024-03-30,574.00,transfer,paid
14511,1451,2024-03-31,254.00,wallet,paid
14531,1453,2024-04-02,750.00,transfer,paid
14541,1454,2024-04-03,718.00,wallet,paid
14571,1457,2024-04-06,1105.00,wallet,paid
14581,1458,2024-04-07,634.00,card,paid
14611,1461,2024-04-10,609.00,card,paid
14631,1463,2024-04-12,422.00,wallet,paid
14651,1465,2024-04-14,846.00,transfer,paid
14661,1466,2024-04-15,670.00,wallet,paid
14671,1467,2024-04-16,331.00,card,paid
14701,1470,2024-04-19,466.00,card,paid
14711,1471,2024-04-20,467.00,transfer,paid
14731,1473,2024-04-22,513.00,card,paid
14741,1474,2024-04-23,718.00,transfer,paid
14751,1475,2024-04-24,350.00,wallet,paid
14781,1478,2024-04-27,502.00,wallet,paid
14791,1479,2024-04-28,187.00,card,paid
14811,1481,2024-01-01,601.00,wallet,paid
14821,1482,2024-01-02,538.00,card,paid
14851,1485,2024-01-05,777.00,card,paid
14861,1486,2024-01-06,550.00,transfer,paid
14871,1487,2024-01-07,518.00,wallet,paid
14891,1489,2024-01-09,678.00,transfer,paid
14911,1491,2024-01-11,283.00,card,paid
14951,1495,2024-01-15,587.00,transfer,paid
14981,1498,2024-01-18,622.00,transfer,paid
14991,1499,2024-01-19,326.00,wallet,paid
15011,1501,2024-01-21,654.00,transfer,paid
15021,1502,2024-01-22,526.00,wallet,paid
15031,1503,2024-01-23,259.00,card,paid
15051,1505,2024-01-25,817.00,wallet,paid
15061,1506,2024-01-26,682.00,card,paid
15071,1507,2024-01-27,587.00,transfer,paid
15091,1509,2024-01-29,705.00,card,paid
15131,1513,2024-02-02,750.00,transfer,paid
15141,1514,2024-02-03,718.00,wallet,paid
15151,1515,2024-02-04,355.00,card,paid
15171,1517,2024-02-06,1105.00,wallet,paid
15191,1519,2024-02-08,347.00,transfer,paid
15211,1521,2024-02-10,609.00,card,paid
15221,1522,2024-02-11,406.00,transfer,paid
15231,1523,2024-02-12,422.00,wallet,paid
15261,1526,2024-02-15,670.00,wallet,paid
15291,1529,2024-02-18,913.00,wallet,paid
15301,1530,2024-02-19,466.00,card,paid
15311,1531,2024-02-20,467.00,transfer,paid
15331,1533,2024-02-22,513.00,card,paid
15341,1534,2024-02-23,718.00,transfer,paid
15351,1535,2024-02-24,350.00,wallet,paid
15371,1537,2024-02-26,942.00,transfer,paid
15381,1538,2024-02-27,502.00,wallet,paid
15411,1541,2024-03-01,601.00,wallet,paid
15421,1542,2024-03-02,538.00,card,paid
15431,1543,2024-03-03,467.00,transfer,paid
15471,1547,2024-03-07,518.00,wallet,paid
15491,1549,2024-03-09,678.00,transfer,paid
15501,1550,2024-03-10,574.00,wallet,paid
15511,1551,2024-03-11,283.00,card,paid
15541,1554,2024-03-14,610.00,card,paid
15551,1555,2024-03-15,587.00,transfer,paid
15571,1557,2024-03-17,681.00,card,paid
15581,1558,2024-03-18,622.00,transfer,paid
15591,1559,2024-03-19,326.00,wallet,paid
15631,1563,2024-03-23,259.00,card,paid
15651,1565,2024-03-25,817.00,wallet,paid
15661,1566,2024-03-26,682.00,card,paid
15691,1569,2024-03-29,705.00,card,paid
15701,1570,2024-03-30,574.00,transfer,paid
15711,1571,2024-03-31,254.00,wallet,paid
15731,1573,2024-04-02,750.00,transfer,paid
15751,1575,2024-04-04,355.00,card,paid
15771,1577,2024-04-06,1105.00,wallet,paid
15821,1582,2024-04-11,406.00,transfer,paid
15831,1583,2024-04-12,422.00,wallet,paid
15851,1585,2024-04-14,846.00,transfer,paid
15861,1586,2024-04-15,670.00,wallet,paid
15871,1587,2024-04-16,331.00,card,paid
15891,1589,2024-04-18,913.00,wallet,paid
15901,1590,2024-04-19,466.00,card,paid
15911,1591,2024-04-20,467.00,transfer,paid
15931,1593,2024-04-22,513.00,card,paid
15941,1594,2024-04-23,718.00,transfer,paid
15971,1597,2024-04-26,942.00,transfer,paid
15981,1598,2024-04-27,502.00,wallet,paid
15991,1599,2024-04-28,187.00,card,paid
16011,1601,2024-01-01,601.00,wallet,paid
16031,1603,2024-01-03,467.00,transfer,paid
16051,1605,2024-01-05,777.00,card,paid
16061,1606,2024-01-06,550.00,transfer,paid
16071,1607,2024-01-07,518.00,wallet,paid
16101,1610,2024-01-10,574.00,wallet,paid
16111,1611,2024-01-11,283.00,card,paid
16141,1614,2024-01-14,610.00,card,paid
16151,1615,2024-01-15,587.00,transfer,paid
16171,1617,2024-01-17,681.00,card,paid
16181,1618,2024-01-18,622.00,transfer,paid
16191,1619,2024-01-19,326.00,wallet,paid
16211,1621,2024-01-21,654.00,transfer,paid
16221,1622,2024-01-22,526.00,wallet,paid
16251,1625,2024-01-25,817.00,wallet,paid
16261,1626,2024-01-26,682.00,card,paid
16271,1627,2024-01-27,587.00,transfer,paid
16311,1631,2024-01-31,254.00,wallet,paid
16331,1633,2024-02-02,750.00,transfer,paid
16341,1634,2024-02-03,718.00,wallet,paid
16351,1635,2024-02-04,355.00,card,paid
16381,1638,2024-02-07,634.00,card,paid
16391,1639,2024-02-08,347.00,transfer,paid
16411,1641,2024-02-10,609.00,card,paid
16421,1642,2024-02-11,406.00,transfer,paid
16431,1643,2024-02-12,422.00,wallet,paid
16451,1645,2024-02-14,846.00,transfer,paid
16491,1649,2024-02-18,913.00,wallet,paid
16501,1650,2024-02-19,466.00,card,paid
16531,1653,2024-02-22,513.00,card,paid
16541,1654,2024-02-23,718.00,transfer,paid
16551,1655,2024-02-24,350.00,wallet,paid
16571,1657,2024-02-26,942.00,transfer,paid
16591,1659,2024-02-28,187.00,card,paid
16611,1661,2024-03-01,601.00,wallet,paid
16621,1662,2024-03-02,538.00,card,paid
16661,1666,2024-03-06,550.00,transfer,paid
16671,1667,2024-03-07,518.00,wallet,paid
16691,1669,2024-03-09,678.00,transfer,paid
16701,1670,2024-03-10,574.00,wallet,paid
16711,1671,2024-03-11,283.00,card,paid
16731,1673,2024-03-13,889.00,wallet,paid
16741,1674,2024-03-14,610.00,card,paid
16751,1675,2024-03-15,587.00,transfer,paid
16771,1677,2024-03-17,681.00,card,paid
16781,1678,2024-03-18,622.00,transfer,paid
16821,1682,2024-03-22,526.00,wallet,paid
16831,1683,2024-03-23,259.00,card,paid
16851,1685,2024-03-25,817.00,wallet,paid
16871,1687,2024-03-27,587.00,transfer,paid
16891,1689,2024-03-29,705.00,card,paid
16901,1690,2024-03-30,574.00,transfer,paid
16911,1691,2024-03-31,254.00,wallet,paid
16941,1694,2024-04-03,718.00,wallet,paid
16951,1695,2024-04-04,355.00,card,paid
16991,1699,2024-04-08,347.00,transfer,paid
17011,1701,2024-04-10,609.00,card,paid
17021,1702,2024-04-11,406.00,transfer,paid
17031,1703,2024-04-12,422.00,wallet,paid
17051,1705,2024-04-14,846.00,transfer,paid
17061,1706,2024-04-15,670.00,wallet,paid
17091,1709,2024-04-18,913.00,wallet,paid
17101,1710,2024-04-19,466.00,card,paid
17111,1711,2024-04-20,467.00,transfer,paid
17131,1713,2024-04-22,513.00,card,paid
17171,1717,2024-04-26,942.00,transfer,paid
17181,1718,2024-04-27,502.00,wallet,paid
17191,1719,2024-04-28,187.00,card,paid
17221,1722,2024-01-02,538.00,card,paid
17231,1723,2024-01-03,467.00,transfer,paid
17251,1725,2024-01-05,777.00,card,paid
17261,1726,2024-01-06,550.00,transfer,paid
17271,1727,2024-01-07,518.00,wallet,paid
17291,1729,2024-01-09,678.00,transfer,paid
17301,1730,2024-01-10,574.00,wallet,paid
17331,1733,2024-01-13,889.00,wallet,paid
17341,1734,2024-01-14,610.00,card,paid
17371,1737,2024-01-17,681.00,card,paid
17381,1738,2024-01-18,622.00,transfer,paid
17391,1739,2024-01-19,326.00,wallet,paid
17411,1741,2024-01-21,654.00,transfer,paid
17431,1743,2024-01-23,259.00,card,paid
17451,1745,2024-01-25,817.00,wallet,paid
17461,1746,2024-01-26,682.00,card,paid
17471,1747,2024-01-27,587.00,transfer,paid
17501,1750,2024-01-30,574.00,transfer,paid
17511,1751,2024-01-31,254.00,wallet,paid
17531,1753,2024-02-02,750.00,transfer,paid
17541,1754,2024-02-03,718.00,wallet,paid
17551,1755,2024-02-04,355.00,card,paid
17571,1757,2024-02-06,1105.00,wallet,paid
17581,1758,2024-02-07,634.00,card,paid
17591,1759,2024-02-08,347.00,transfer,paid
17611,1761,2024-02-10,609.00,card,paid
17621,1762,2024-02-11,406.00,transfer,paid
17671,1767,2024-02-16,331.00,card,paid
17691,1769,2024-02-18,913.00,wallet,paid
17711,1771,2024-02-20,467.00,transfer,paid
17731,1773,2024-02-22,513.00,card,paid
17741,1774,2024-02-23,718.00,transfer,paid
17751,1775,2024-02-24,350.00,wallet,paid
17781,1778,2024-02-27,502.00,wallet,paid
17791,1779,2024-02-28,187.00,card,paid
17811,1781,2024-03-01,601.00,wallet,paid
17851,1785,2024-03-05,777.00,card,paid
17861,1786,2024-03-06,550.00,transfer,paid
17871,1787,2024-03-07,518.00,wallet,paid
17891,1789,2024-03-09,678.00,transfer,paid
17901,1790,2024-03-10,574.00,wallet,paid
17931,1793,2024-03-13,889.00,wallet,paid
17941,1794,2024-03-14,610.00,card,paid
17951,1795,2024-03-15,587.00,transfer,paid
17971,1797,2024-03-17,681.00,card,paid
18011,1801,2024-03-21,654.00,transfer,paid
18021,1802,2024-03-22,526.00,wallet,paid
18031,1803,2024-03-23,259.00,card,paid
18061,1806,2024-03-26,682.00,card,paid
18071,1807,2024-03-27,587.00,transfer,paid
18091,1809,2024-03-29,705.00,card,paid
18101,1810,2024-03-30,574.00,transfer,paid
18111,1811,2024-03-31,254.00,wallet,paid
18131,1813,2024-04-02,750.00,transfer,paid
18141,1814,2024-04-03,718.00,wallet,paid
18151,1815,2024-04-04,355.00,card,paid
18181,1818,2024-04-07,634.00,card,paid
18211,1821,2024-04-10,609.00,card,paid
18221,1822,2024-04-11,406.00,transfer,paid
18231,1823,2024-04-12,422.00,wallet,paid
18251,1825,2024-04-14,846.00,transfer,paid
18271,1827,2024-04-16,331.00,card,paid
18291,1829,2024-04-18,913.00,wallet,paid
18301,1830,2024-04-19,466.00,card,paid
18311,1831,2024-04-20,467.00,transfer,paid
18351,1835,2024-04-24,350.00,wallet,paid
18371,1837,2024-04-26,942.00,transfer,paid
18381,1838,2024-04-27,502.00,wallet,paid
18391,1839,2024-04-28,187.00,card,paid
18411,1841,2024-01-01,601.00,wallet,paid
18421,1842,2024-01-02,538.00,card,paid
18431,1843,2024-01-03,467.00,transfer,paid
18451,1845,2024-01-05,777.00,card,paid
18461,1846,2024-01-06,550.00,transfer,paid
18491,1849,2024-01-09,678.00,transfer,paid
18531,1853,2024-01-13,889.00,wallet,paid
18551,1855,2024-01-15,587.00,transfer,paid
18571,1857,2024-01-17,681.00,card,paid
18581,1858,2024-01-18,622.00,transfer,paid
18591,1859,2024-01-19,326.00,wallet,paid
18621,1862,2024-01-22,526.00,wallet,paid
18631,1863,2024-01-23,259.00,card,paid
18651,1865,2024-01-25,817.00,wallet,paid
18661,1866,2024-01-26,682.00,card,paid
18691,1869,2024-01-29,705.00,card,paid
18701,1870,2024-01-30,574.00,transfer,paid
18711,1871,2024-01-31,254.00,wallet,paid
18731,1873,2024-02-02,750.00,transfer,paid
18741,1874,2024-02-03,718.00,wallet,paid
18771,1877,2024-02-06,1105.00,wallet,paid
18781,1878,2024-02-07,634.00,card,paid
18791,1879,2024-02-08,347.00,transfer,paid
18811,1881,2024-02-10,609.00,card,paid
18831,1883,2024-02-12,422.00,wallet,paid
18861,1886,2024-02-15,670.00,wallet,paid
18871,1887,2024-02-16,331.00,card,paid
18901,1890,2024-02-19,466.00,card,paid
18911,1891,2024-02-20,467.00,transfer,paid
18931,1893,2024-02-22,513.00,card,paid
18941,1894,2024-02-23,718.00,transfer,paid
18951,1895,2024-02-24,350.00,wallet,paid
18971,1897,2024-02-26,942.00,transfer,paid
18981,1898,2024-02-27,502.00,wallet,paid
18991,1899,2024-02-28,187.00,card,paid
19051,1905,2024-03-05,777.00,card,paid
19061,1906,2024-03-06,550.00,transfer,paid
19071,1907,2024-03-07,518.00,wallet,paid
19091,1909,2024-03-09,678.00,transfer,paid
19111,1911,2024-03-11,283.00,card,paid
19131,1913,2024-03-13,889.00,wallet,paid
19141,1914,2024-03-14,610.00,card,paid
19151,1915,2024-03-15,587.00,transfer,paid
19211,1921,2024-03-21,654.00,transfer,paid
19221,1922,2024-03-22,526.00,wallet,paid
19231,1923,2024-03-23,259.00,card,paid
19251,1925,2024-03-25,817.00,wallet,paid
19261,1926,2024-03-26,682.00,card,paid
19271,1927,2024-03-27,587.00,transfer,paid
19291,1929,2024-03-29,705.00,card,paid
19301,1930,2024-03-30,574.00,transfer,paid
19331,1933,2024-04-02,750.00,transfer,paid
19341,1934,2024-04-03,718.00,wallet,paid
19371,1937,2024-04-06,1105.00,wallet,paid
19391,1939,2024-04-08,347.00,transfer,paid
19411,1941,2024-04-10,609.00,card,paid
19421,1942,2024-04-11,406.00,transfer,paid
19431,1943,2024-04-12,422.00,wallet,paid
19461,1946,2024-04-15,670.00,wallet,paid
19471,1947,2024-04-16,331.00,card,paid
19491,1949,2024-04-18,913.00,wallet,paid
19501,1950,2024-04-19,466.00,card,paid
19511,1951,2024-04-20,467.00,transfer,paid
19541,1954,2024-04-23,718.00,transfer,paid
19551,1955,2024-04-24,350.00,wallet,paid
19571,1957,2024-04-26,942.00,transfer,paid
19581,1958,2024-04-27,502.00,wallet,paid
19611,1961,2024-01-01,601.00,wallet,paid
19621,1962,2024-01-02,538.00,card,paid
19631,1963,2024-01-03,467.00,transfer,paid
19651,1965,2024-01-05,777.00,card,paid
19671,1967,2024-01-07,518.00,wallet,paid
19711,1971,2024-01-11,283.00,card,paid
19741,1974,2024-01-14,610.00,card,paid
19751,1975,2024-01-15,587.00,transfer,paid
19771,1977,2024-01-17,681.00,card,paid
19781,1978,2024-01-18,622.00,transfer,paid
19791,1979,2024-01-19,326.00,wallet,paid
19811,1981,2024-01-21,654.00,transfer,paid
19821,1982,2024-01-22,526.00,wallet,paid
19831,1983,2024-01-23,259.00,card,paid
19851,1985,2024-01-25,817.00,wallet,paid
19891,1989,2024-01-29,705.00,card,paid
19901,1990,2024-01-30,574.00,transfer,paid
19911,1991,2024-01-31,254.00,wallet,paid
19931,1993,2024-02-02,750.00,transfer,paid
19951,1995,2024-02-04,355.00,card,paid
19971,1997,2024-02-06,1105.00,wallet,paid
19981,1998,2024-02-07,634.00,card,paid
19991,1999,2024-02-08,347.00,transfer,paid
10041,1004,2024-01-04,275.40,card,paid
10081,1008,2024-01-08,28.20,card,paid
10121,1012,2024-01-12,91.20,card,paid
10161,1016,2024-01-16,189.00,card,paid
10201,1020,2024-01-20,71.40,card,paid
10241,1024,2024-01-24,177.60,card,paid
10321,1032,2024-02-01,42.60,card,paid
10361,1036,2024-02-05,120.00,card,paid
10401,1040,2024-02-09,232.20,card,paid
10441,1044,2024-02-13,85.80,card,paid
10481,1048,2024-02-17,62.40,card,paid
10601,1060,2024-02-29,148.80,card,paid
10641,1064,2024-03-04,275.40,card,paid
10721,1072,2024-03-12,91.20,card,paid
10761,1076,2024-03-16,189.00,card,paid
10801,1080,2024-03-20,71.40,card,paid
10881,1088,2024-03-28,102.60,card,paid
10921,1092,2024-04-01,42.60,card,paid
10961,1096,2024-04-05,120.00,card,paid
11001,1100,2024-04-09,232.20,card,paid
11041,1104,2024-04-13,85.80,card,paid
11081,1108,2024-04-17,62.40,card,paid
11161,1116,2024-04-25,57.00,card,paid
11241,1124,2024-01-04,275.40,card,paid
11281,1128,2024-01-08,28.20,card,paid
11321,1132,2024-01-12,91.20,card,paid
11441,1144,2024-01-24,177.60,card,paid
11481,1148,2024-01-28,102.60,card,paid
11521,1152,2024-02-01,42.60,card,paid
11561,1156,2024-02-05,120.00,card,paid
11601,1160,2024-02-09,232.20,card,paid
11641,1164,2024-02-13,85.80,card,paid
11721,1172,2024-02-21,145.80,card,paid
11761,1176,2024-02-25,57.00,card,paid
11801,1180,2024-02-29,148.80,card,paid
11841,1184,2024-03-04,275.40,card,paid
11921,1192,2024-03-12,91.20,card,paid
12001,1200,2024-03-20,71.40,card,paid
12081,1208,2024-03-28,102.60,card,paid
12121,1212,2024-04-01,42.60,card,paid
12161,1216,2024-04-05,120.00,card,paid
12201,1220,2024-04-09,232.20,card,paid
12281,1228,2024-04-17,62.40,card,paid
12321,1232,2024-04-21,145.80,card,paid
12361,1236,2024-04-25,57.00,card,paid
12401,1240,2024-04-29,148.80,card,paid
12441,1244,2024-01-04,275.40,card,paid
12481,1248,2024-01-08,28.20,card,paid
12601,1260,2024-01-20,71.40,card,paid
12641,1264,2024-01-24,177.60,card,paid
12681,1268,2024-01-28,102.60,card,paid
12761,1276,2024-02-05,120.00,card,paid
12841,1284,2024-02-13,85.80,card,paid
12881,1288,2024-02-17,62.40,card,paid
12921,1292,2024-02-21,145.80,card,paid
12961,1296,2024-02-25,57.00,card,paid
13001,1300,2024-02-29,148.80,card,paid
13041,1304,2024-03-04,275.40,card,paid
13121,1312,2024-03-12,91.20,card,paid
13161,1316,2024-03-16,189.00,card,paid
13201,1320,2024-03-20,71.40,card,paid
13281,1328,2024-03-28,102.60,card,paid
13321,1332,2024-04-01,42.60,card,paid
13441,1344,2024-04-13,85.80,card,paid
13481,1348,2024-04-17,62.40,card,paid
13521,1352,2024-04-21,145.80,card,paid
13561,1356,2024-04-25,57.00,card,paid
13601,1360,2024-04-29,148.80,card,paid
13681,1368,2024-01-08,28.20,card,paid
13721,1372,2024-01-12,91.20,card,paid
13761,1376,2024-01-16,189.00,card,paid
13801,1380,2024-01-20,71.40,card,paid
13841,1384,2024-01-24,177.60,card,paid
13881,1388,2024-01-28,102.60,card,paid
13961,1396,2024-02-05,120.00,card,paid
14001,1400,2024-02-09,232.20,card,paid
14041,1404,2024-02-13,85.80,card,paid
14121,1412,2024-02-21,145.80,card,paid
14161,1416,2024-02-25,57.00,card,paid
14241,1424,2024-03-04,275.40,card,paid
14281,1428,2024-03-08,28.20,card,paid
14321,1432,2024-03-12,91.20,card,paid
14361,1436,2024-03-16,189.00,card,paid
14401,1440,2024-03-20,71.40,card,paid
14441,1444,2024-03-24,177.60,card,paid
14521,1452,2024-04-01,42.60,card,paid
14561,1456,2024-04-05,120.00,card,paid
14641,1464,2024-04-13,85.80,card,paid
14681,1468,2024-04-17,62.40,card,paid
14721,1472,2024-04-21,145.80,card,paid
14801,1480,2024-04-29,148.80,card,paid
14841,1484,2024-01-04,275.40,card,paid
14881,1488,2024-01-08,28.20,card,paid
14921,1492,2024-01-12,91.20,card,paid
14961,1496,2024-01-16,189.00,card,paid
15001,1500,2024-01-20,71.40,card,paid
15081,1508,2024-01-28,102.60,card,paid
15121,1512,2024-02-01,42.60,card,paid
15161,1516,2024-02-05,120.00,card,paid
15201,1520,2024-02-09,232.20,card,paid
15241,1524,2024-02-13,85.80,card,paid
15361,1536,2024-02-25,57.00,card,paid
15401,1540,2024-02-29,148.80,card,paid
15481,1548,2024-03-08,28.20,card,paid
15521,1552,2024-03-12,91.20,card,paid
15561,1556,2024-03-16,189.00,card,paid
15641,1564,2024-03-24,177.60,card,paid
15681,1568,2024-03-28,102.60,card,paid
15721,1572,2024-04-01,42.60,card,paid
15761,1576,2024-04-05,120.00,card,paid
15801,1580,2024-04-09,232.20,card,paid
15841,1584,2024-04-13,85.80,card,paid
15921,1592,2024-04-21,145.80,card,paid
16001,1600,2024-04-29,148.80,card,paid
16041,1604,2024-01-04,275.40,card,paid
16081,1608,2024-01-08,28.20,card,paid
16201,1620,2024-01-20,71.40,card,paid
16241,1624,2024-01-24,177.60,card,paid
16281,1628,2024-01-28,102.60,card,paid
16321,1632,2024-02-01,42.60,card,paid
16361,1636,2024-02-05,120.00,card,paid
16401,1640,2024-02-09,232.20,card,paid
16481,1648,2024-02-17,62.40,card,paid
16521,1652,2024-02-21,145.80,card,paid
16561,1656,2024-02-25,57.00,card,paid
16601,1660,2024-02-29,148.80,card,paid
16681,1668,2024-03-08,28.20,card,paid
16761,1676,2024-03-16,189.00,card,paid
16841,1684,2024-03-24,177.60,card,paid
16881,1688,2024-03-28,102.60,card,paid
16921,1692,2024-04-01,42.60,card,paid
16961,1696,2024-04-05,120.00,card,paid
17041,1704,2024-04-13,85.80,card,paid
17081,1708,2024-04-17,62.40,card,paid
17121,1712,2024-04-21,145.80,card,paid
17161,1716,2024-04-25,57.00,card,paid
17201,1720,2024-04-29,148.80,card,paid
17241,1724,2024-01-04,275.40,card,paid
17361,1736,2024-01-16,189.00,card,paid
17401,1740,2024-01-20,71.40,card,paid
17441,1744,2024-01-24,177.60,card,paid
17521,1752,2024-02-01,42.60,card,paid
17601,1760,2024-02-09,232.20,card,paid
17641,1764,2024-02-13,85.80,card,paid
17681,1768,2024-02-17,62.40,card,paid
17721,1772,2024-02-21,145.80,card,paid
17761,1776,2024-02-25,57.00,card,paid
17801,1780,2024-02-29,148.80,card,paid
17881,1788,2024-03-08,28.20,card,paid
17921,1792,2024-03-12,91.20,card,paid
17961,1796,2024-03-16,189.00,card,paid
18041,1804,2024-03-24,177.60,card,paid
18081,1808,2024-03-28,102.60,card,paid
18201,1820,2024-04-09,232.20,card,paid
18241,1824,2024-04-13,85.80,card,paid
18281,1828,2024-04-17,62.40,card,paid
18321,1832,2024-04-21,145.80,card,paid
18361,1836,2024-04-25,57.00,card,paid
18441,1844,2024-01-04,275.40,card,paid
18481,1848,2024-01-08,28.20,card,paid
18521,1852,2024-01-12,91.20,card,paid
18561,1856,2024-01-16,189.00,card,paid
18601,1860,2024-01-20,71.40,card,paid
18641,1864,2024-01-24,177.60,card,paid
18721,1872,2024-02-01,42.60,card,paid
18761,1876,2024-02-05,120.00,card,paid
18801,1880,2024-02-09,232.20,card,paid
18881,1888,2024-02-17,62.40,card,paid
18921,1892,2024-02-21,145.80,card,paid
19001,1900,2024-02-29,148.80,card,paid
19041,1904,2024-03-04,275.40,card,paid
19081,1908,2024-03-08,28.20,card,paid
19121,1912,2024-03-12,91.20,card,paid
19161,1916,2024-03-16,189.00,card,paid
19201,1920,2024-03-20,71.40,card,paid
19281,1928,2024-03-28,102.60,card,paid
19321,1932,2024-04-01,42.60,card,paid
19401,1940,2024-04-09,232.20,card,paid
19441,1944,2024-04-13,85.80,card,paid
19481,1948,2024-04-17,62.40,card,paid
19561,1956,2024-04-25,57.00,card,paid
19601,1960,2024-04-29,148.80,card,paid
19641,1964,2024-01-04,275.40,card,paid
19681,1968,2024-01-08,28.20,card,paid
19721,1972,2024-01-12,91.20,card,paid
19761,1976,2024-01-16,189.00,card,paid
19841,1984,2024-01-24,177.60,card,paid
19881,1988,2024-01-28,102.60,card,paid
19921,1992,2024-02-01,42.60,card,paid
19961,1996,2024-02-05,120.00,card,paid
20001,2000,2024-02-09,232.20,card,paid
10042,1004,2024-01-05,183.60,wallet,paid
10082,1008,2024-01-09,18.80,wallet,paid
10122,1012,2024-01-13,60.80,wallet,paid
10162,1016,2024-01-17,126.00,wallet,paid
10202,1020,2024-01-21,47.60,wallet,paid
10242,1024,2024-01-25,118.40,wallet,paid
10322,1032,2024-02-02,28.40,wallet,paid
10362,1036,2024-02-06,80.00,wallet,paid
10402,1040,2024-02-10,154.80,wallet,paid
10442,1044,2024-02-14,57.20,wallet,paid
10482,1048,2024-02-18,41.60,wallet,paid
10602,1060,2024-03-01,99.20,wallet,paid
10642,1064,2024-03-05,183.60,wallet,paid
10722,1072,2024-03-13,60.80,wallet,paid
10762,1076,2024-03-17,126.00,wallet,paid
10802,1080,2024-03-21,47.60,wallet,paid
10882,1088,2024-03-29,68.40,wallet,paid
10922,1092,2024-04-02,28.40,wallet,paid
10962,1096,2024-04-06,80.00,wallet,paid
11002,1100,2024-04-10,154.80,wallet,paid
11042,1104,2024-04-14,57.20,wallet,paid
11082,1108,2024-04-18,41.60,wallet,paid
11162,1116,2024-04-26,38.00,wallet,paid
11242,1124,2024-01-05,183.60,wallet,paid
11282,1128,2024-01-09,18.80,wallet,paid
11322,1132,2024-01-13,60.80,wallet,paid
11442,1144,2024-01-25,118.40,wallet,paid
11482,1148,2024-01-29,68.40,wallet,paid
11522,1152,2024-02-02,28.40,wallet,paid
11562,1156,2024-02-06,80.00,wallet,paid
11602,1160,2024-02-10,154.80,wallet,paid
11642,1164,2024-02-14,57.20,wallet,paid
11722,1172,2024-02-22,97.20,wallet,paid
11762,1176,2024-02-26,38.00,wallet,paid
11802,1180,2024-03-01,99.20,wallet,paid
11842,1184,2024-03-05,183.60,wallet,paid
11922,1192,2024-03-13,60.80,wallet,paid
12002,1200,2024-03-21,47.60,wallet,paid
12082,1208,2024-03-29,68.40,wallet,paid
12122,1212,2024-04-02,28.40,wallet,paid
12162,1216,2024-04-06,80.00,wallet,paid
12202,1220,2024-04-10,154.80,wallet,paid
12282,1228,2024-04-18,41.60,wallet,paid
12322,1232,2024-04-22,97.20,wallet,paid
12362,1236,2024-04-26,38.00,wallet,paid
12402,1240,2024-04-30,99.20,wallet,paid
12442,1244,2024-01-05,183.60,wallet,paid
12482,1248,2024-01-09,18.80,wallet,paid
12602,1260,2024-01-21,47.60,wallet,paid
12642,1264,2024-01-25,118.40,wallet,paid
12682,1268,2024-01-29,68.40,wallet,paid
12762,1276,2024-02-06,80.00,wallet,paid
12842,1284,2024-02-14,57.20,wallet,paid
12882,1288,2024-02-18,41.60,wallet,paid
12922,1292,2024-02-22,97.20,wallet,paid
12962,1296,2024-02-26,38.00,wallet,paid
13002,1300,2024-03-01,99.20,wallet,paid
13042,1304,2024-03-05,183.60,wallet,paid
13122,1312,2024-03-13,60.80,wallet,paid
13162,1316,2024-03-17,126.00,wallet,paid
13202,1320,2024-03-21,47.60,wallet,paid
13282,1328,2024-03-29,68.40,wallet,paid
13322,1332,2024-04-02,28.40,wallet,paid
13442,1344,2024-04-14,57.20,wallet,paid
13482,1348,2024-04-18,41.60,wallet,paid
13522,1352,2024-04-22,97.20,wallet,paid
13562,1356,2024-04-26,38.00,wallet,paid
13602,1360,2024-04-30,99.20,wallet,paid
13682,1368,2024-01-09,18.80,wallet,paid
13722,1372,2024-01-13,60.80,wallet,paid
13762,1376,2024-01-17,126.00,wallet,paid
13802,1380,2024-01-21,47.60,wallet,paid
13842,1384,2024-01-25,118.40,wallet,paid
13882,1388,2024-01-29,68.40,wallet,paid
13962,1396,2024-02-06,80.00,wallet,paid
14002,1400,2024-02-10,154.80,wallet,paid
14042,1404,2024-02-14,57.20,wallet,paid
14122,1412,2024-02-22,97.20,wallet,paid
14162,1416,2024-02-26,38.00,wallet,paid
14242,1424,2024-03-05,183.60,wallet,paid
14282,1428,2024-03-09,18.80,wallet,paid
14322,1432,2024-03-13,60.80,wallet,paid
14362,1436,2024-03-17,126.00,wallet,paid
14402,1440,2024-03-21,47.60,wallet,paid
14442,1444,2024-03-25,118.40,wallet,paid
14522,1452,2024-04-02,28.40,wallet,paid
14562,1456,2024-04-06,80.00,wallet,paid
14642,1464,2024-04-14,57.20,wallet,paid
14682,1468,2024-04-18,41.60,wallet,paid
14722,1472,2024-04-22,97.20,wallet,paid
14802,1480,2024-04-30,99.20,wallet,paid
14842,1484,2024-01-05,183.60,wallet,paid
14882,1488,2024-01-09,18.80,wallet,paid
14922,1492,2024-01-13,60.80,wallet,paid
14962,1496,2024-01-17,126.00,wallet,paid
15002,1500,2024-01-21,47.60,wallet,paid
15082,1508,2024-01-29,68.40,wallet,paid
15122,1512,2024-02-02,28.40,wallet,paid
15162,1516,2024-02-06,80.00,wallet,paid
15202,1520,2024-02-10,154.80,wallet,paid
15242,1524,2024-02-14,57.20,wallet,paid
15362,1536,2024-02-26,38.00,wallet,paid
15402,1540,2024-03-01,99.20,wallet,paid
15482,1548,2024-03-09,18.80,wallet,paid
15522,1552,2024-03-13,60.80,wallet,paid
15562,1556,2024-03-17,126.00,wallet,paid
15642,1564,2024-03-25,118.40,wallet,paid
15682,1568,2024-03-29,68.40,wallet,paid
15722,1572,2024-04-02,28.40,wallet,paid
15762,1576,2024-04-06,80.00,wallet,paid
15802,1580,2024-04-10,154.80,wallet,paid
15842,1584,2024-04-14,57.20,wallet,paid
15922,1592,2024-04-22,97.20,wallet,paid
16002,1600,2024-04-30,99.20,wallet,paid
16042,1604,2024-01-05,183.60,wallet,paid
16082,1608,2024-01-09,18.80,wallet,paid
16202,1620,2024-01-21,47.60,wallet,paid
16242,1624,2024-01-25,118.40,wallet,paid
16282,1628,2024-01-29,68.40,wallet,paid
16322,1632,2024-02-02,28.40,wallet,paid
16362,1636,2024-02-06,80.00,wallet,paid
16402,1640,2024-02-10,154.80,wallet,paid
16482,1648,2024-02-18,41.60,wallet,paid
16522,1652,2024-02-22,97.20,wallet,paid
16562,1656,2024-02-26,38.00,wallet,paid
16602,1660,2024-03-01,99.20,wallet,paid
16682,1668,2024-03-09,18.80,wallet,paid
16762,1676,2024-03-17,126.00,wallet,paid
16842,1684,2024-03-25,118.40,wallet,paid
16882,1688,2024-03-29,68.40,wallet,paid
16922,1692,2024-04-02,28.40,wallet,paid
16962,1696,2024-04-06,80.00,wallet,paid
17042,1704,2024-04-14,57.20,wallet,paid
17082,1708,2024-04-18,41.60,wallet,paid
17122,1712,2024-04-22,97.20,wallet,paid
17162,1716,2024-04-26,38.00,wallet,paid
17202,1720,2024-04-30,99.20,wallet,paid
17242,1724,2024-01-05,183.60,wallet,paid
17362,1736,2024-01-17,126.00,wallet,paid
17402,1740,2024-01-21,47.60,wallet,paid
17442,1744,2024-01-25,118.40,wallet,paid
17522,1752,2024-02-02,28.40,wallet,paid
17602,1760,2024-02-10,154.80,wallet,paid
17642,1764,2024-02-14,57.20,wallet,paid
17682,1768,2024-02-18,41.60,wallet,paid
17722,1772,2024-02-22,97.20,wallet,paid
17762,1776,2024-02-26,38.00,wallet,paid
17802,1780,2024-03-01,99.20,wallet,paid
17882,1788,2024-03-09,18.80,wallet,paid
17922,1792,2024-03-13,60.80,wallet,paid
17962,1796,2024-03-17,126.00,wallet,paid
18042,1804,2024-03-25,118.40,wallet,paid
18082,1808,2024-03-29,68.40,wallet,paid
18202,1820,2024-04-10,154.80,wallet,paid
18242,1824,2024-04-14,57.20,wallet,paid
18282,1828,2024-04-18,41.60,wallet,paid
18322,1832,2024-04-22,97.20,wallet,paid
18362,1836,2024-04-26,38.00,wallet,paid
18442,1844,2024-01-05,183.60,wallet,paid
18482,1848,2024-01-09,18.80,wallet,paid
18522,1852,2024-01-13,60.80,wallet,paid
18562,1856,2024-01-17,126.00,wallet,paid
18602,1860,2024-01-21,47.60,wallet,paid
18642,1864,2024-01-25,118.40,wallet,paid
18722,1872,2024-02-02,28.40,wallet,paid
18762,1876,2024-02-06,80.00,wallet,paid
18802,1880,2024-02-10,154.80,wallet,paid
18882,1888,2024-02-18,41.60,wallet,paid
18922,1892,2024-02-22,97.20,wallet,paid
19002,1900,2024-03-01,99.20,wallet,paid
19042,1904,2024-03-05,183.60,wallet,paid
19082,1908,2024-03-09,18.80,wallet,paid
19122,1912,2024-03-13,60.80,wallet,paid
19162,1916,2024-03-17,126.00,wallet,paid
19202,1920,2024-03-21,47.60,wallet,paid
19282,1928,2024-03-29,68.40,wallet,paid
19322,1932,2024-04-02,28.40,wallet,paid
19402,1940,2024-04-10,154.80,wallet,paid
19442,1944,2024-04-14,57.20,wallet,paid
19482,1948,2024-04-18,41.60,wallet,paid
19562,1956,2024-04-26,38.00,wallet,paid
19602,1960,2024-04-30,99.20,wallet,paid
19642,1964,2024-01-05,183.60,wallet,paid
19682,1968,2024-01-09,18.80,wallet,paid
19722,1972,2024-01-13,60.80,wallet,paid
19762,1976,2024-01-17,126.00,wallet,paid
19842,1984,2024-01-25,118.40,wallet,paid
19882,1988,2024-01-29,68.40,wallet,paid
19922,1992,2024-02-02,28.40,wallet,paid
19962,1996,2024-02-06,80.00,wallet,paid
20002,2000,2024-02-10,154.80,wallet,paid
10071,1007,2024-01-07,0.00,card,pending
10141,1014,2024-01-14,0.00,card,pending
10211,1021,2024-01-21,0.00,card,pending
10281,1028,2024-01-28,0.00,card,pending
10421,1042,2024-02-11,0.00,card,pending
10491,1049,2024-02-18,0.00,card,pending
10561,1056,2024-02-25,0.00,card,pending
10631,1063,2024-03-03,0.00,card,pending
10701,1070,2024-03-10,0.00,card,pending
10771,1077,2024-03-17,0.00,card,pending
10841,1084,2024-03-24,0.00,card,pending
10911,1091,2024-03-31,0.00,card,pending
10981,1098,2024-04-07,0.00,card,pending
11051,1105,2024-04-14,0.00,card,pending
11121,1112,2024-04-21,0.00,card,pending
11261,1126,2024-01-06,0.00,card,pending
11331,1133,2024-01-13,0.00,card,pending
11401,1140,2024-01-20,0.00,card,pending
11471,1147,2024-01-27,0.00,card,pending
11611,1161,2024-02-10,0.00,card,pending
11681,1168,2024-02-17,0.00,card,pending
11751,1175,2024-02-24,0.00,card,pending
11821,1182,2024-03-02,0.00,card,pending
11891,1189,2024-03-09,0.00,card,pending
11961,1196,2024-03-16,0.00,card,pending
12031,1203,2024-03-23,0.00,card,pending
12101,1210,2024-03-30,0.00,card,pending
12171,1217,2024-04-06,0.00,card,pending
12241,1224,2024-04-13,0.00,card,pending
12311,1231,2024-04-20,0.00,card,pending
12451,1245,2024-01-05,0.00,card,pending
12521,1252,2024-01-12,0.00,card,pending
12591,1259,2024-01-19,0.00,card,pending
12661,1266,2024-01-26,0.00,card,pending
12801,1280,2024-02-09,0.00,card,pending
12871,1287,2024-02-16,0.00,card,pending
12941,1294,2024-02-23,0.00,card,pending
13011,1301,2024-03-01,0.00,card,pending
13081,1308,2024-03-08,0.00,card,pending
13151,1315,2024-03-15,0.00,card,pending
13221,1322,2024-03-22,0.00,card,pending
13291,1329,2024-03-29,0.00,card,pending
13361,1336,2024-04-05,0.00,card,pending
13431,1343,2024-04-12,0.00,card,pending
13501,1350,2024-04-19,0.00,card,pending
13641,1364,2024-01-04,0.00,card,pending
13711,1371,2024-01-11,0.00,card,pending
13781,1378,2024-01-18,0.00,card,pending
13851,1385,2024-01-25,0.00,card,pending
13991,1399,2024-02-08,0.00,card,pending
14061,1406,2024-02-15,0.00,card,pending
14131,1413,2024-02-22,0.00,card,pending
14201,1420,2024-02-29,0.00,card,pending
14271,1427,2024-03-07,0.00,card,pending
14341,1434,2024-03-14,0.00,card,pending
14411,1441,2024-03-21,0.00,card,pending
14481,1448,2024-03-28,0.00,card,pending
14551,1455,2024-04-04,0.00,card,pending
14621,1462,2024-04-11,0.00,card,pending
14691,1469,2024-04-18,0.00,card,pending
14831,1483,2024-01-03,0.00,card,pending
14901,1490,2024-01-10,0.00,card,pending
14971,1497,2024-01-17,0.00,card,pending
15041,1504,2024-01-24,0.00,card,pending
15181,1518,2024-02-07,0.00,card,pending
15251,1525,2024-02-14,0.00,card,pending
15321,1532,2024-02-21,0.00,card,pending
15391,1539,2024-02-28,0.00,card,pending
15461,1546,2024-03-06,0.00,card,pending
15531,1553,2024-03-13,0.00,card,pending
15601,1560,2024-03-20,0.00,card,pending
15671,1567,2024-03-27,0.00,card,pending
15741,1574,2024-04-03,0.00,card,pending
15811,1581,2024-04-10,0.00,card,pending
15881,1588,2024-04-17,0.00,card,pending
16021,1602,2024-01-02,0.00,card,pending
16091,1609,2024-01-09,0.00,card,pending
16161,1616,2024-01-16,0.00,card,pending
16231,1623,2024-01-23,0.00,card,pending
16371,1637,2024-02-06,0.00,card,pending
16441,1644,2024-02-13,0.00,card,pending
16511,1651,2024-02-20,0.00,card,pending
16581,1658,2024-02-27,0.00,card,pending
16651,1665,2024-03-05,0.00,card,pending
16721,1672,2024-03-12,0.00,card,pending
16791,1679,2024-03-19,0.00,card,pending
16861,1686,2024-03-26,0.00,card,pending
16931,1693,2024-04-02,0.00,card,pending
17001,1700,2024-04-09,0.00,card,pending
17071,1707,2024-04-16,0.00,card,pending
17211,1721,2024-01-01,0.00,card,pending
17281,1728,2024-01-08,0.00,card,pending
17351,1735,2024-01-15,0.00,card,pending
17421,1742,2024-01-22,0.00,card,pending
17561,1756,2024-02-05,0.00,card,pending
17631,1763,2024-02-12,0.00,card,pending
17701,1770,2024-02-19,0.00,card,pending
17771,1777,2024-02-26,0.00,card,pending
17841,1784,2024-03-04,0.00,card,pending
17911,1791,2024-03-11,0.00,card,pending
17981,1798,2024-03-18,0.00,card,pending
18051,1805,2024-03-25,0.00,card,pending
18121,1812,2024-04-01,0.00,card,pending
18191,1819,2024-04-08,0.00,card,pending
18261,1826,2024-04-15,0.00,card,pending
18401,1840,2024-04-29,0.00,card,pending
18471,1847,2024-01-07,0.00,card,pending
18541,1854,2024-01-14,0.00,card,pending
18611,1861,2024-01-21,0.00,card,pending
18751,1875,2024-02-04,0.00,card,pending
18821,1882,2024-02-11,0.00,card,pending
18891,1889,2024-02-18,0.00,card,pending
18961,1896,2024-02-25,0.00,card,pending
19031,1903,2024-03-03,0.00,card,pending
19101,1910,2024-03-10,0.00,card,pending
19171,1917,2024-03-17,0.00,card,pending
19241,1924,2024-03-24,0.00,card,pending
19311,1931,2024-03-31,0.00,card,pending
19381,1938,2024-04-07,0.00,card,pending
19451,1945,2024-04-14,0.00,card,pending
19591,1959,2024-04-28,0.00,card,pending
19661,1966,2024-01-06,0.00,card,pending
19731,1973,2024-01-13,0.00,card,pending
19801,1980,2024-01-20,0.00,card,pending
19941,1994,2024-02-03,0.00,card,pending
10011,1001,2024-01-01,0.00,card,failed
10171,1017,2024-01-17,0.00,card,failed
10181,1018,2024-01-18,0.00,card,failed
10341,1034,2024-02-03,0.00,card,failed
10351,1035,2024-02-04,0.00,card,failed
10511,1051,2024-02-20,0.00,card,failed
10521,1052,2024-02-21,0.00,card,failed
10681,1068,2024-03-08,0.00,card,failed
10691,1069,2024-03-09,0.00,card,failed
10851,1085,2024-03-25,0.00,card,failed
10861,1086,2024-03-26,0.00,card,failed
11021,1102,2024-04-11,0.00,card,failed
11031,1103,2024-04-12,0.00,card,failed
11191,1119,2024-04-28,0.00,card,failed
11201,1120,2024-04-29,0.00,card,failed
11361,1136,2024-01-16,0.00,card,failed
11371,1137,2024-01-17,0.00,card,failed
11531,1153,2024-02-02,0.00,card,failed
11541,1154,2024-02-03,0.00,card,failed
11701,1170,2024-02-19,0.00,card,failed
11711,1171,2024-02-20,0.00,card,failed
11871,1187,2024-03-07,0.00,card,failed
11881,1188,2024-03-08,0.00,card,failed
12041,1204,2024-03-24,0.00,card,failed
12051,1205,2024-03-25,0.00,card,failed
12211,1221,2024-04-10,0.00,card,failed
12221,1222,2024-04-11,0.00,card,failed
12381,1238,2024-04-27,0.00,card,failed
12391,1239,2024-04-28,0.00,card,failed
12551,1255,2024-01-15,0.00,card,failed
12561,1256,2024-01-16,0.00,card,failed
12721,1272,2024-02-01,0.00,card,failed
12731,1273,2024-02-02,0.00,card,failed
12891,1289,2024-02-18,0.00,card,failed
12901,1290,2024-02-19,0.00,card,failed
13061,1306,2024-03-06,0.00,card,failed
13071,1307,2024-03-07,0.00,card,failed
13231,1323,2024-03-23,0.00,card,failed
13241,1324,2024-03-24,0.00,card,failed
13401,1340,2024-04-09,0.00,card,failed
13411,1341,2024-04-10,0.00,card,failed
13571,1357,2024-04-26,0.00,card,failed
13581,1358,2024-04-27,0.00,card,failed
13741,1374,2024-01-14,0.00,card,failed
13751,1375,2024-01-15,0.00,card,failed
13911,1391,2024-01-31,0.00,card,failed
13921,1392,2024-02-01,0.00,card,failed
14081,1408,2024-02-17,0.00,card,failed
14091,1409,2024-02-18,0.00,card,failed
14251,1425,2024-03-05,0.00,card,failed
14261,1426,2024-03-06,0.00,card,failed
14421,1442,2024-03-22,0.00,card,failed
14431,1443,2024-03-23,0.00,card,failed
14591,1459,2024-04-08,0.00,card,failed
14601,1460,2024-04-09,0.00,card,failed
14761,1476,2024-04-25,0.00,card,failed
14771,1477,2024-04-26,0.00,card,failed
14931,1493,2024-01-13,0.00,card,failed
14941,1494,2024-01-14,0.00,card,failed
15101,1510,2024-01-30,0.00,card,failed
15111,1511,2024-01-31,0.00,card,failed
15271,1527,2024-02-16,0.00,card,failed
15281,1528,2024-02-17,0.00,card,failed
15441,1544,2024-03-04,0.00,card,failed
15451,1545,2024-03-05,0.00,card,failed
15611,1561,2024-03-21,0.00,card,failed
15621,1562,2024-03-22,0.00,card,failed
15781,1578,2024-04-07,0.00,card,failed
15791,1579,2024-04-08,0.00,card,failed
15951,1595,2024-04-24,0.00,card,failed
15961,1596,2024-04-25,0.00,card,failed
16121,1612,2024-01-12,0.00,card,failed
16131,1613,2024-01-13,0.00,card,failed
16291,1629,2024-01-29,0.00,card,failed
16301,1630,2024-01-30,0.00,card,failed
16461,1646,2024-02-15,0.00,card,failed
16471,1647,2024-02-16,0.00,card,failed
16631,1663,2024-03-03,0.00,card,failed
16641,1664,2024-03-04,0.00,card,failed
16801,1680,2024-03-20,0.00,card,failed
16811,1681,2024-03-21,0.00,card,failed
16971,1697,2024-04-06,0.00,card,failed
16981,1698,2024-04-07,0.00,card,failed
17141,1714,2024-04-23,0.00,card,failed
17151,1715,2024-04-24,0.00,card,failed
17311,1731,2024-01-11,0.00,card,failed
17321,1732,2024-01-12,0.00,card,failed
17481,1748,2024-01-28,0.00,card,failed
17491,1749,2024-01-29,0.00,card,failed
17651,1765,2024-02-14,0.00,card,failed
17661,1766,2024-02-15,0.00,card,failed
17821,1782,2024-03-02,0.00,card,failed
17831,1783,2024-03-03,0.00,card,failed
17991,1799,2024-03-19,0.00,card,failed
18001,1800,2024-03-20,0.00,card,failed
18161,1816,2024-04-05,0.00,card,failed
18171,1817,2024-04-06,0.00,card,failed
18331,1833,2024-04-22,0.00,card,failed
18341,1834,2024-04-23,0.00,card,failed
18501,1850,2024-01-10,0.00,card,failed
18511,1851,2024-01-11,0.00,card,failed
18671,1867,2024-01-27,0.00,card,failed
18681,1868,2024-01-28,0.00,card,failed
18841,1884,2024-02-13,0.00,card,failed
18851,1885,2024-02-14,0.00,card,failed
19011,1901,2024-03-01,0.00,card,failed
19021,1902,2024-03-02,0.00,card,failed
19181,1918,2024-03-18,0.00,card,failed
19191,1919,2024-03-19,0.00,card,failed
19351,1935,2024-04-04,0.00,card,failed
19361,1936,2024-04-05,0.00,card,failed
19521,1952,2024-04-21,0.00,card,failed
19531,1953,2024-04-22,0.00,card,failed
19691,1969,2024-01-09,0.00,card,failed
19701,1970,2024-01-10,0.00,card,failed
19861,1986,2024-01-26,0.00,card,failed
19871,1987,2024-01-27,0.00,card,failed
